"genus","statistic_diet","p.adj_diet","conf.low_diet","conf.high_diet","R2_marginal_diet","R2_conditional_diet","effect_size_diet","statistic_treatment_FOSGOS","p.adj_treatment_FOSGOS","conf.low_treatment_FOSGOS","conf.high_treatment_FOSGOS","R2_marginal_treatment_FOSGOS","R2_conditional_treatment_FOSGOS","effect_size_treatment_FOSGOS","statistic_treatment_1472","p.adj_treatment_1472","conf.low_treatment_1472","conf.high_treatment_1472","R2_marginal_treatment_1472","R2_conditional_treatment_1472","effect_size_treatment_1472","restoration_FOSGOS","restoration_1472"
"A2",-0.755671516049378,0.464421684484738,-0.00831603021773577,0.00403303775855571,0.0420777968176976,NA,-0.755671516049378,0.0896926187276133,1,-0.00876426411683323,0.0095459648929367,0.000792716389564678,NA,0.0896926187276133,-0.0317474561787342,1,-0.00929345928445704,0.00901676972531289,0.000792716389564678,NA,-0.0317474561787342,"not restored","not restored"
"ASF356",0.367647382376262,0.719538719062822,-0.00069253631420069,0.000973691372119083,0.0102902858020587,NA,0.367647382376262,0.932895953747486,1,-0.00138870536770425,0.00344581895183125,0.0552042154724883,0.186901490394592,0.932895953747486,-0.114616732157873,1,-0.00253861404311134,0.00228707192709827,0.0552042154724883,0.186901490394592,-0.114616732157873,"not restored","not restored"
"Acetatifactor",2.37873981396641,0.0816801631091746,0.000143221922695613,0.00540714884255363,0.230812360901847,0.490640553167133,2.37873981396641,-1.95700720714983,0.132079555681206,-0.00921051760238167,0.000326651851872288,0.295253881199551,NA,-1.95700720714983,0.868616485454103,0.396491084563426,-0.00279703546117102,0.00674013399308294,0.295253881199551,NA,0.868616485454103,"not restored","not restored"
"Acinetobacter",NA,NA,NA,NA,NA,NA,NA,-0.0876981354222305,1,-0.000308909108427693,0.000284426859293009,0.10581729534762,NA,-0.0876981354222305,1.27870725731639,0.660920317580069,-0.000118419933123017,0.000474068987429766,0.10581729534762,NA,1.27870725731639,"not restored","not restored"
"Akkermansia",0.868086154539147,0.402374340820821,-0.0338149793269389,0.0786058818494091,0.0547911106719938,NA,0.868086154539147,1.26764913778477,0.24055762594722,-0.0409419915765469,0.165511217740054,0.215019048423976,NA,1.26764913778477,2.33780320307942,0.0934339727593814,0.0116389079073755,0.218092117223977,0.215019048423976,NA,2.33780320307942,"not restored","not restored"
"Alistipes",-1.99709335545047,0.0815032837687354,-0.0563146799952364,0.00412790794506207,0.199923097828702,0.365091636180422,-1.99709335545047,-3.969164110078,0.00258811263852951,-0.0364033395485841,-0.0109274610634733,0.495431825973925,0.639310252138971,-3.969164110078,0.822239443609468,0.423946500665448,-0.007783878933898,0.0175471470270441,0.495431825973925,0.639310252138971,0.822239443609468,"not restored","not restored"
"Anaeroplasma",0.240648795858161,1,-0.000132882516997749,0.000164982757090835,0.00454431067381916,NA,0.240648795858161,-1.22474487139159,0.472916886411899,-0.000161757066914084,4.26163691963732e-05,0.0909090909090909,NA,-1.22474487139159,-1.22474487139159,0.472916886411899,-0.000161757066914084,4.26163691963733e-05,0.0909090909090909,NA,-1.22474487139159,"not restored","not restored"
"Anaerotruncus",3.59258830263391,0.00739169343916992,0.00255091867681167,0.0104135170126618,0.498199127615053,NA,3.59258830263391,-2.64187276330619,0.0331419024308406,-0.0134075026440242,-0.00152922455011404,0.2826786049698,NA,-2.64187276330619,-0.498434155575096,0.624213712645298,-0.0073481726517281,0.00453010544218209,0.2826786049698,NA,-0.498434155575096,"restored","not restored"
"Anaerovorax",2.36889524642847,0.0818755873728815,1.0018354400649e-05,0.000384471553332023,0.219759527457938,0.512893887956396,2.36889524642847,-2.8190340920407,0.0243641522784183,-0.000471828248073142,-6.71336392045217e-05,0.289195556316065,NA,-2.8190340920407,-1.37760799883467,0.187171557903916,-0.000332797129166612,7.05495398962574e-05,0.289195556316065,NA,-1.37760799883467,"not restored","not restored"
"Atopostipes",-1,0.365433525411888,-0.000130702390102293,4.8468929307095e-05,0.0714285714285714,NA,-1,NA,NA,NA,NA,NA,NA,NA,NA,NA,NA,NA,NA,NA,NA,"not restored","not restored"
"Bacteroides",1.1527110380347,0.278638930429824,-0.0377409686904306,0.116239571376911,0.0877907437844893,0.148880569900398,1.1527110380347,2.82309089822994,0.0387267567271027,0.048845711219,0.350588762665679,0.312099191632453,0.507263065939185,2.82309089822994,-0.349609612191385,0.731451689417018,-0.174663266627186,0.12540853185192,0.312099191632453,0.507263065939185,-0.349609612191385,"not restored","not restored"
"Bifidobacterium",-8.63997789264123,1.69555297079064e-06,-0.247709792563224,-0.147936483710944,0.851681506135332,NA,-8.63997789264123,4.37339198013303,0.00109923498742967,0.0493636087661401,0.140637945840709,0.55585851555088,NA,4.37339198013303,0.0823900097704328,1,-0.0438474558826955,0.0474268811918303,0.55585851555088,NA,0.0823900097704328,"restored","not restored"
"Bilophila",3.5907977305209,0.00741603103504762,0.00314953486275841,0.0128695353561864,0.497949865560904,NA,3.5907977305209,-4.91120023739188,0.000357870479650732,-0.0161680561418318,-0.00639196453826661,0.52966542865815,0.593566828264501,-4.91120023739188,-1.50463653084113,0.153046417590122,-0.00830927078223062,0.00143009699346674,0.52966542865815,0.593566828264501,-1.50463653084113,"restored","not restored"
"Butyricicoccus",0.324944583825476,0.752504202395514,-0.000667142552177577,0.000891746073720577,0.00745496789885667,0.0926976869707612,0.324944583825476,-2.22469528259557,0.0782613849247008,-0.00154308708186211,-4.41539038481553e-05,0.20022900205078,NA,-2.22469528259557,-0.903980304395386,0.377945745156943,-0.00107194549221584,0.000426987685797895,0.20022900205078,NA,-0.903980304395386,"not restored","not restored"
"Caldicoprobacter",NA,NA,NA,NA,NA,NA,NA,1.22474487139159,0.709375329618503,-2.78442078191203e-05,0.000105687027597424,0.0909090909090909,NA,1.22474487139159,0,1,-6.67656177082152e-05,6.67656177082152e-05,0.0909090909090909,NA,0,"not restored","not restored"
"Candidatus Arthromitus",0.588273792000032,0.571556106646371,-0.000780759911320758,0.00132362918728985,0.0199663083079436,0.273463370211492,0.588273792000032,-1.19160087833941,0.497785788694616,-0.00193742522146997,0.000535073497451914,0.103303461992893,NA,-1.19160087833941,0.218529205698108,0.829475325609762,-0.00110765982334547,0.00136483889557484,0.103303461992893,NA,0.218529205698108,"not restored","not restored"
"Candidatus Saccharimonas",-2.60787871645608,0.0228909848159115,-0.000882713763741944,-7.91240380048297e-05,0.34346854274633,NA,-2.60787871645608,0.677978143888943,1,-0.000301760954590173,0.000589315976844247,0.0648442864089892,NA,0.677978143888943,-0.494898617494418,1,-0.000550490656469903,0.000340586274964606,0.0648442864089892,NA,-0.494898617494418,"not restored","not restored"
"Candidatus Soleaferrea",2.85064053975788,0.0292107988564941,6.16825618297683e-05,0.000461769533722297,0.384648926329328,NA,2.85064053975788,-2.81090411948849,0.0283729954785418,-0.000463543897480344,-6.17010792064956e-05,0.292222937107571,NA,-2.81090411948849,-1.17577284187826,0.259852148363079,-0.000309249780793211,9.06322057541121e-05,0.292222937107571,NA,-1.17577284187826,"restored","not restored"
"Christensenella",-0.3888929235327,0.705513191765149,-0.000527318878490387,0.000370611951337501,0.0115147244134466,NA,-0.3888929235327,-2.63798332927453,0.0334151587511552,-0.000410278210361533,-4.64969285810142e-05,0.258147368608032,NA,-2.63798332927453,-1.29820192573182,0.210606316394973,-0.000294284521173937,6.94967606065823e-05,0.258147368608032,NA,-1.29820192573182,"not restored","not restored"
"Christensenellaceae R-7 group",2.17314741700485,0.125709602616161,-6.98831711350896e-06,0.000210809283066627,0.041762310533811,0.895050152099429,2.17314741700485,1.00879073845345,0.57624666975201,-0.000155752269684102,0.000438919602123974,0.163239653198637,0.282852777692024,1.00879073845345,-1.09871827579336,0.57624666975201,-0.000449539059521819,0.000142600107924773,0.163239653198637,0.282852777692024,-1.09871827579336,"not restored","not restored"
"Clostridium sensu stricto 1",1.43393114613541,0.354264809610993,-0.00112821332873272,0.00547193735177201,0.136565945922169,NA,1.43393114613541,-1.32474118639009,0.403660806102372,-0.00511920620984533,0.00115990089630321,0.103100239002305,NA,-1.32474118639009,-0.0235650339081072,0.981458838858225,-0.00317476841803231,0.00310433868811623,0.103100239002305,NA,-0.0235650339081072,"not restored","not restored"
"Colidextribacter",4.86787710430857,0.00130497170745159,0.0168920822783839,0.0454039710934983,0.629375383064359,0.658348151055245,4.86787710430857,-4.41044365262382,0.000904371445679199,-0.0613480328466018,-0.0214858761874689,0.548977839606737,0.642992155905612,-4.41044365262382,0.557973956917893,0.584674383817082,-0.0146142538522006,0.0250422984539486,0.548977839606737,0.642992155905612,0.557973956917893,"restored","not restored"
"Coprococcus",-0.0679387176655642,0.946953318604658,-0.000134131076667372,0.000126019193216186,0.000354925472262657,NA,-0.0679387176655642,-0.641665286080719,0.967019041585824,-0.000129751503640717,6.96738933714599e-05,0.112205761963096,NA,-0.641665286080719,0.91063430203537,0.967019041585824,-5.67288635399407e-05,0.000141601221903467,0.112205761963096,NA,0.91063430203537,"not restored","not restored"
"Coriobacteriaceae UCG-002",0.65853368123685,1,-0.0211806536339491,0.0395301440192066,0.0322820732369805,NA,0.65853368123685,0.400027664855471,1,-0.0263123573221071,0.0386889881214131,0.0230280981999209,NA,0.400027664855471,-0.283252931790533,1,-0.0368825158636051,0.0281188295799101,0.0230280981999209,NA,-0.283252931790533,"not restored","not restored"
"Defluviitaleaceae UCG-011",NA,NA,NA,NA,NA,NA,NA,-1.97504966750265e-16,1,-3.33671271043966e-05,3.33671271043966e-05,0.0909090909090909,NA,-1.97504966750265e-16,1.22474487139159,0.709375329619115,-1.39155639281792e-05,5.28186902806707e-05,0.0909090909090909,NA,1.22474487139159,"not restored","not restored"
"Desulfovibrio",2.9347141657331,0.0124940736893613,0.00341279854239591,0.0230869250306273,0.398497555197225,NA,2.9347141657331,-3.23979890540846,0.00981528217955374,-0.0266650458540693,-0.00561454545863605,0.345120058091319,0.358471570171497,-3.23979890540846,-2.01379494811606,0.0609539637808799,-0.0205559272964383,0.000517586886156452,0.345120058091319,0.358471570171497,-2.01379494811606,"restored","not restored"
"Dorea",1.88611342149104,0.167419208576338,-0.00109131386740879,0.0151558570462182,0.214853703896112,NA,1.88611342149104,-1.76100364805597,0.192858562155803,-0.0142996196465866,0.00129509925733086,0.148768775658414,0.151942538781451,-1.76100364805597,-0.330383893328671,0.74533564946693,-0.00903588116071331,0.00659672419516864,0.148768775658414,0.151942538781451,-0.330383893328671,"not restored","not restored"
"Dubosiella",-0.081916444802121,0.936063640932612,-0.0161381623196963,0.0149686451220419,0.000515910923839975,NA,-0.081916444802121,1.05564420002508,0.627917122545346,-0.00767015803344643,0.0231626089967279,0.079969096137644,NA,1.05564420002508,-0.156291673294195,0.877542675036131,-0.0165632382434236,0.0142695287867507,0.079969096137644,NA,-0.156291673294195,"not restored","not restored"
"Enterococcus",0.856793002235943,0.823407160896861,-0.00106965638165727,0.0024050193802187,0.0510606510780973,0.102475712319664,0.856793002235943,-1.47508475507442,0.314934403119338,-0.00268790879403966,0.000470411170540887,0.104915984244296,NA,-1.47508475507442,-0.382159304865151,0.706817745703864,-0.00186641037499522,0.00129190958958533,0.104915984244296,NA,-0.382159304865151,"not restored","not restored"
"Enterorhabdus",1.7453552056654,0.112597496738126,-0.000629720659797434,0.00508295508456843,0.168080789243312,0.296937357122619,1.7453552056654,-4.18788683549492,0.00110579909402459,-0.0075815756599212,-0.00251597429774135,0.600196445683543,NA,-4.18788683549492,0.966224669439312,0.346735326694976,-0.0013679528409711,0.0036976485212118,0.600196445683543,NA,0.966224669439312,"not restored","not restored"
"Erysipelatoclostridium",3.25941188265531,0.0221570288896682,0.00352704270208622,0.020294840990683,0.366179665759396,0.5687808894467,3.25941188265531,-2.71251814133528,0.0315138076367247,-0.0194695442958954,-0.00235800808567498,0.267861924485405,0.286171958530663,-2.71251814133528,-1.62918259878425,0.124685929143035,-0.0151290219434415,0.00203936068690071,0.267861924485405,0.286171958530663,-1.62918259878425,"restored","not restored"
"Escherichia-Shigella",-1.25584262097077,0.276097733091407,-0.00501973811384846,0.00139882945003373,0.100468734761565,0.181851514402428,-1.25584262097077,-0.0596120878754107,1,-0.00172758508527235,0.00163335426861817,0.129970591766354,0.225512492014974,-0.0596120878754107,1.54381654373908,0.429696370114768,-0.000460773673668364,0.0028905258372801,0.129970591766354,0.225512492014974,1.54381654373908,"not restored","not restored"
"Faecalibaculum",-0.588765398322924,0.566936486516896,-0.0539257881174414,0.030981802072414,0.0259724224479709,NA,-0.588765398322924,-1.06875763260089,0.598605731230521,-0.0519259501625325,0.0169090012628166,0.111641967614865,NA,-1.06875763260089,0.479722679265366,0.637201911019014,-0.0265586197693537,0.0422763316559954,0.111641967614865,NA,0.479722679265366,"not restored","not restored"
"Family XIII AD3011 group",1.80351682223255,0.204287555560872,-7.05617431685657e-05,0.000660516490936098,0.174303116334072,0.318789095758064,1.80351682223255,-2.6776380030735,0.03274389881158,-0.000659782890858036,-7.70529944167597e-05,0.300769431471299,NA,-2.6776380030735,-2.30537684319934,0.0348339037665283,-0.000606086037159749,-2.54710764068829e-05,0.300769431471299,NA,-2.30537684319934,"not restored","not restored"
"Family XIII UCG-001",3.27222642172081,0.0314735260183926,0.000104088405204782,0.00069197612037204,0.337900177803871,0.60879403599601,3.27222642172081,-2.75739484670197,0.0259321590694986,-0.000709276914734287,-9.58399827776958e-05,0.277926473532002,NA,-2.75739484670197,-1.64532074771376,0.117253139808579,-0.000546922645912082,6.65142860445065e-05,0.277926473532002,NA,-1.64532074771376,"restored","not restored"
"Fournierella",-1,0.365433525409208,-0.000105261607538779,3.90346145202077e-05,0.0714285714285714,NA,-1,1.22474487139159,0.709375329618305,-1.86904499596241e-05,7.09425139161504e-05,0.090909090909091,NA,1.22474487139159,9.07599862882265e-17,1,-4.48164819378873e-05,4.48164819378873e-05,0.090909090909091,NA,9.07599862882265e-17,"not restored","not restored"
"GCA-900066575",3.7702707413358,0.00534095131462516,0.00339150107160197,0.0126778868346126,0.52232122131561,NA,3.7702707413358,-3.15894651324863,0.0120739636764155,-0.020515669817574,-0.00404386392092874,0.37525590828746,0.436970875004034,-3.15894651324863,-0.0644826803512257,0.949391191857712,-0.00846170711396571,0.00796245587689767,0.37525590828746,0.436970875004034,-0.0644826803512257,"restored","not restored"
"HT002",-2.96475526652627,0.0146734744785483,-0.0151856307091469,-0.00211976776787906,0.383407032517938,0.439863185292097,-2.96475526652627,1.81176579334665,0.260222651806166,-8.903770203251e-05,0.00120480445161508,0.203835729046613,NA,1.81176579334665,-0.268196124640694,1,-0.000729504686509904,0.000564337467137564,0.203835729046613,NA,-0.268196124640694,"not restored","not restored"
"Harryflintia",0.485363319355006,0.636159251112846,-0.000370852109677166,0.000583433600706695,0.0177988116388401,NA,0.485363319355006,-2.97890925138168,0.0160917042683248,-0.000980155843317162,-0.000169408046439182,0.32223832718009,NA,-2.97890925138168,-0.799347260967012,0.434511171819505,-0.000559608329406819,0.000251139467471159,0.32223832718009,NA,-0.799347260967012,"not restored","not restored"
"Incertae Sedis",-0.796581327635,0.441169732678518,-0.0120405377392344,0.00559348095907696,0.0465392838503621,NA,-0.796581327635,-2.16443200243377,0.0882378232279844,-0.0102815973409673,-0.000153090189426767,0.194679949234157,NA,-2.16443200243377,-0.746715479187318,0.4648777541385,-0.00686420448451992,0.00326430266701453,0.194679949234157,NA,-0.746715479187318,"not restored","not restored"
"Intestinimonas",5.27640751365898,0.00190704162884711,0.00896404747237226,0.0232219944936816,0.318800618578694,0.863046536620864,5.27640751365898,-3.34600119848042,0.00719317366241236,-0.0369590658123003,-0.00844824876980462,0.427764370954884,NA,-3.34600119848042,0.00514869790438978,0.995948585571624,-0.0142204730069481,0.0142903440355475,0.427764370954884,NA,0.00514869790438978,"restored","not restored"
"Jeotgalicoccus",-0.5957760238917,0.562393699014095,-0.00059677184573802,0.000340487130280284,0.0265780924185196,NA,-0.5957760238917,-1.00775357037308,0.39997976569352,-0.000240580487060029,8.78261518112426e-05,0.0690308709074851,0.447080351027563,-1.00775357037308,-1.51114031849273,0.39997976569352,-0.000277482270430971,4.88934612341654e-05,0.0690308709074851,0.447080351027563,-1.51114031849273,"not restored","not restored"
"Klebsiella",-1.20495719352413,0.392203489732647,-0.000190460932852443,5.9269536393666e-05,0.103832362255982,NA,-1.20495719352413,NA,NA,NA,NA,NA,NA,NA,NA,NA,NA,NA,NA,NA,NA,"not restored","not restored"
"Lachnoclostridium",3.0001482694681,0.0326826268152548,0.00555932180457049,0.0414811256406679,0.349997722878597,0.509632465500065,3.0001482694681,-1.15481388311283,0.531946768179578,-0.031559553479562,0.00936077900809954,0.0555431343081538,0.254429559593643,-1.15481388311283,-0.304145833713644,0.765118069472886,-0.023261662282985,0.0174437734392496,0.0555431343081538,0.254429559593643,-0.304145833713644,"not restored","not restored"
"Lachnospiraceae FCS020 group",0.923856905791597,0.373764903941527,-0.00161632194661158,0.00399608710639892,0.0616097642322298,NA,0.923856905791597,-1.22499344328298,0.472734038976671,-0.00466915535447757,0.00122969050743911,0.0706937649792566,NA,-1.22499344328298,-0.737462860796955,0.472734038976671,-0.00398472544609254,0.00191412041582414,0.0706937649792566,NA,-0.737462860796955,"not restored","not restored"
"Lachnospiraceae NK4A136 group",0.195772663109425,0.84806407420969,-0.0213315020543582,0.0255433430808041,0.00293955933228263,NA,0.195772663109425,-2.46641507112554,0.0511321661628118,-0.0351732477609732,-0.00263078806299047,0.222080115061244,0.312224036801094,-2.46641507112554,-1.64310353598261,0.120505650907004,-0.0287542293486685,0.00368150867239365,0.222080115061244,0.312224036801094,-1.64310353598261,"not restored","not restored"
"Lachnospiraceae UCG-001",NA,NA,NA,NA,NA,NA,NA,1.41485321867954,0.522535716303351,-0.000411422414121563,0.00210834350589288,0.117740974280033,NA,1.41485321867954,2.06624566390648e-16,1,-0.00125988296000722,0.00125988296000722,0.117740974280033,NA,2.06624566390648e-16,"not restored","not restored"
"Lachnospiraceae UCG-004",NA,NA,NA,NA,NA,NA,NA,1.22474487139159,0.709375329617573,-1.16659300700815e-05,4.42798545851532e-05,0.090909090909091,NA,1.22474487139159,1.45410179202269e-16,1,-2.79728923276173e-05,2.79728923276174e-05,0.090909090909091,NA,1.45410179202269e-16,"not restored","not restored"
"Lachnospiraceae UCG-006",1.52729472036618,0.305213313708051,-0.00448048674912499,0.0254868829149115,0.152134975553243,NA,1.52729472036618,-0.138726943011558,0.958627188449811,-0.0199170345798405,0.0174496574669347,0.028555669338945,NA,-0.138726943011558,-0.722427100054515,0.958627188449811,-0.0251078373792913,0.0122588546674839,0.028555669338945,NA,-0.722427100054515,"not restored","not restored"
"Lachnospiraceae UCG-010",-1.02468041252916,0.410736185457797,-7.51281502411436e-05,2.90843108742556e-05,0.0104830680576135,0.881406444210362,-1.02468041252916,0.00634921782675954,1,-0.000115304941892747,0.00011599282766634,0.00380478461603671,NA,0.00634921782675954,0.238390922648053,1,-0.000102140185494655,0.000127850446255212,0.00380478461603671,NA,0.238390922648053,"not restored","not restored"
"Lactobacillus",-3.45259278372449,0.00478205167681016,-0.0417061487524178,-0.00943360501600542,0.478338967216366,NA,-3.45259278372449,2.26820618360652,0.107573096713132,0.00180274187389964,0.0470840226893394,0.251937104699682,NA,2.26820618360652,0.0417568005290734,1,-0.0221906471727281,0.0230906336427117,0.251937104699682,NA,0.0417568005290734,"not restored","not restored"
"Ligilactobacillus",-0.676378769325577,0.514939173570132,-0.12110107802006,0.065012101914827,0.0298713354637703,0.166624000094156,-0.676378769325577,-1.89022787589375,0.154582824303877,-0.089420109849412,0.00518246362175861,0.147956346644835,0.218100300144394,-1.89022787589375,-1.2744430291264,0.221440675733577,-0.0755077968617939,0.0189258942952411,0.147956346644835,0.218100300144394,-1.2744430291264,"not restored","not restored"
"Limosilactobacillus",-3.38018270571217,0.0103904283697961,-0.00899497452035114,-0.00177632688957757,0.418310294986479,0.536060530230338,-3.38018270571217,NA,NA,NA,NA,NA,NA,NA,NA,NA,NA,NA,NA,NA,NA,"not restored","not restored"
"Marvinbryantia",1.15581258129505,0.551253684596174,-0.000576274093746746,0.00180520927594324,0.0766226588439462,0.274127139741856,1.15581258129505,0.408445434217727,0.689268832134442,-0.00209053422356103,0.00307138521881201,0.0534291270531481,0.413547852577344,0.408445434217727,1.28880197256348,0.6545962991834,-0.00102325524542533,0.00411016440822633,0.0534291270531481,0.413547852577344,1.28880197256348,"not restored","not restored"
"Merdibacter",NA,NA,NA,NA,NA,NA,NA,0,1,-0.000518363877812706,0.000518363877812706,0.0909090909090909,NA,0,1.22474487139159,0.709375329617214,-0.00021618060365693,0.000820547151968481,0.0909090909090909,NA,1.22474487139159,"not restored","not restored"
"Monoglobus",0.0576152431421928,0.955003386262208,-6.44409327985997e-05,6.7941577938953e-05,0.000255282217605098,NA,0.0576152431421928,-1.22474487139159,0.472916886412786,-6.0658900092864e-05,1.59811384487223e-05,0.0909090909090909,NA,-1.22474487139159,-1.22474487139159,0.472916886412786,-6.06589000928599e-05,1.59811384487183e-05,0.0909090909090909,NA,-1.22474487139159,"not restored","not restored"
"Mucispirillum",1.71131992306536,0.225444634150899,-0.00451355589938772,0.0375584985084935,0.183858779778014,NA,1.71131992306536,-1.97149759263589,0.132945374801399,-0.0330884985160219,0.00121971984516137,0.160422285775005,0.231011068596923,-1.97149759263589,-1.38380678832401,0.186125148960792,-0.0282631813061,0.00597934326519641,0.160422285775005,0.231011068596923,-1.38380678832401,"not restored","not restored"
"Muribaculum",-1.204957193524,0.392203489736796,-0.000228553119421911,7.1123443671383e-05,0.10383236225596,NA,-1.204957193524,2.53810109494604,0.0645997079373283,0.00041136980610576,0.00451573895717919,0.296633794697409,0.317423898528199,2.53810109494604,-0.0103680674666422,1,-0.00206349883561026,0.00204340770397799,0.296633794697409,0.317423898528199,-0.0103680674666422,"not restored","not restored"
"NK4A214 group",1.21605305292194,0.521287512558993,-0.000224241500296439,0.000713607815260183,0.0219112400534317,0.823093133311665,1.21605305292194,-0.35975483725623,0.723699019909177,-0.000812828365098989,0.000576848164240034,0.0759009784769763,0.116506986914218,-0.35975483725623,-1.26805235434328,0.446733424195991,-0.0011098426284415,0.000280110208991624,0.0759009784769763,0.116506986914218,-1.26805235434328,"not restored","not restored"
"Negativibacillus",2.22604303309224,0.104863730087877,-6.4660254305496e-06,0.00100435877176076,0.240705026360138,0.383432177935359,2.22604303309224,-2.13019283959315,0.112774281889379,-0.00100989094433279,-2.23382220075304e-06,0.209502010021273,0.373889680632985,-2.13019283959315,0.13125634274446,0.897212585421396,-0.000470212021323452,0.000532270016963413,0.209502010021273,0.373889680632985,0.13125634274446,"not restored","not restored"
"Odoribacter",-1.5746822385592,0.141312523659296,-0.0167004029569078,0.00268795459343169,0.160186328041043,NA,-1.5746822385592,-2.6420408174756,0.0331301436616059,-0.0179739608791295,-0.00205062700777213,0.274658594989576,NA,-2.6420408174756,-0.654212965003326,0.52124637945272,-0.0104408763649599,0.00548245750639868,0.274658594989576,NA,-0.654212965003326,"not restored","not restored"
"Oscillibacter",4.02155429446905,0.0107449521067498,0.00297279468448444,0.0115865444863759,0.284400108758604,0.787934073149794,4.02155429446905,-2.33146024298249,0.0663953300289686,-0.0175123713037744,-0.000828802853762588,0.275041526262904,0.338415756508023,-2.33146024298249,0.262238015227427,0.796568358983997,-0.00729572776650671,0.0093506902678445,0.275041526262904,0.338415756508023,0.262238015227427,"not restored","not restored"
"Paludicola",0.477025985963787,0.666356647596261,-7.27612207621794e-05,0.000110403755261187,0.00205793315958781,0.892687344113347,0.477025985963787,-1.72106689513911,0.221469532582041,-0.000230484783460946,2.6974419726517e-05,0.149833248676153,NA,-1.72106689513911,-1.45274224650226,0.221469532582041,-0.000213790266667648,4.2840835997589e-05,0.149833248676153,NA,-1.45274224650226,"not restored","not restored"
"Parabacteroides",2.55158079359407,0.0915822182317317,0.000100877732483792,0.00755452704883678,0.279984689824265,0.457755771074418,2.55158079359407,-0.226728498555076,1,-0.00960383337745563,0.00775613466219674,0.010750503891587,0.224316456697959,-0.226728498555076,-0.517683350402591,1,-0.0107329129756628,0.00653468814646422,0.010750503891587,0.224316456697959,-0.517683350402591,"not restored","not restored"
"Parasutterella",1.33114175313828,0.427819467420377,-0.00239722679834375,0.00941152008762439,0.108626292047711,0.215558038145666,1.33114175313828,2.78900092647947,0.0363566630046954,0.00323211848307709,0.0229694744566211,0.321985741584985,NA,2.78900092647947,0.258923992352771,0.798631701076298,-0.00865243223627091,0.0110849237372732,0.321985741584985,NA,0.258923992352771,"not restored","not restored"
"Parvibacter",1,0.674098115908401,-0.000477867214362681,0.00128862733222542,0.0714285714285714,NA,1,1.00397731261392,0.990993433988718,-0.000502265598606833,0.00140603458260545,0.142651861769835,0.280024137030721,1.00397731261392,-0.95996556983342,0.990993433988718,-0.00137974782117321,0.000519820004629091,0.142651861769835,0.280024137030721,-0.95996556983342,"not restored","not restored"
"Peptococcus",2.75096084814003,0.0351419495301002,0.000232702228216576,0.00200502192159642,0.367943625025676,NA,2.75096084814003,-2.92939792513884,0.0193468723103042,-0.002816836134124,-0.000453687958060833,0.35554507699214,0.382902483906665,-2.92939792513884,-0.0108425531852784,0.99148455300526,-0.00118763526770234,0.00117555906380495,0.35554507699214,0.382902483906665,-0.0108425531852784,"restored","not restored"
"Rikenella",-2.34331183658288,0.0371614555817534,-0.00785638823072348,-0.000285787800476339,0.29695947163441,NA,-2.34331183658288,-1.40236123379011,0.362088578196946,-0.00706432830693965,0.00145574338023464,0.252435372365704,0.302091869216542,-1.40236123379011,1.26898484365549,0.362088578196946,-0.00173086719815176,0.00678930769099682,0.252435372365704,0.302091869216542,1.26898484365549,"not restored","not restored"
"Rikenellaceae RC9 gut group",1.26527100431172,0.241503468611303,-0.0105237237843509,0.0360771168232779,0.0731167671364918,0.432608877841724,1.26527100431172,-3.92706727145848,0.00598869792454031,-0.0497639228578573,-0.0142574733052054,0.301097202600068,0.633374129240015,-3.92706727145848,-2.1114948095941,0.0552421283380036,-0.034859641050506,0.000448903725074275,0.301097202600068,0.633374129240015,-2.1114948095941,"not restored","not restored"
"Romboutsia",2.81175978051355,0.0313961696800975,0.010518948302111,0.0829383492800204,0.378168740388002,NA,2.81175978051355,-2.30686074725688,0.070605388268685,-0.0850630184582109,-0.00346701536425125,0.376482301498551,0.536210126840286,-2.30686074725688,1.62350229177492,0.124529852737061,-0.00956902767012938,0.0715885593895273,0.376482301498551,0.536210126840286,1.62350229177492,"not restored","not restored"
"Roseburia",5.69083681480295,0.000201148173047142,0.00566222031783114,0.0126877522191722,0.713565685480629,NA,5.69083681480295,-3.8469312729133,0.00236232674669141,-0.0149076192531666,-0.00437617397113134,0.425662047550899,NA,-3.8469312729133,-2.05713375072327,0.0544608553551827,-0.0104216949042819,0.000109750377747546,0.425662047550899,NA,-2.05713375072327,"restored","not restored"
"Ruminococcus",NA,NA,NA,NA,NA,NA,NA,1.80068745786818,0.269536406185118,-2.48671229164475e-05,0.000311834429610417,0.18030632334355,NA,1.80068745786818,-0.0109939360853798,1,-0.000169099539390655,0.000167351865612401,0.18030632334355,NA,-0.0109939360853798,"not restored","not restored"
"Sporosarcina",-1,0.365433525410257,-0.0001120306200874,4.15447965486593e-05,0.0714285714285714,NA,-1,NA,NA,NA,NA,NA,NA,NA,NA,NA,NA,NA,NA,NA,NA,"not restored","not restored"
"Staphylococcus",1.12087890952415,0.568540165314857,-0.0115748014853969,0.0361017603433008,0.0881268914353299,NA,1.12087890952415,-1.43115723932474,0.339037432015253,-0.0319961660887902,0.00606722106563396,0.106798567483586,NA,-1.43115723932474,-1.22289120580573,0.339037432015253,-0.0301095395236043,0.00795384763079807,0.106798567483586,NA,-1.22289120580573,"not restored","not restored"
"Stenotrophomonas",NA,NA,NA,NA,NA,NA,NA,-0.087698135417581,1,-2.13040764428917e-05,1.96156454681731e-05,0.105817295346779,NA,-0.087698135417581,1.2787072573135,0.660920317567381,-8.16689193907176e-06,3.26944129257257e-05,0.105817295346779,NA,1.2787072573135,"not restored","not restored"
"Streptococcus",-0.0361829749864672,0.971901344369654,-0.000277836169515357,0.000269045972546758,0.000102721360494554,NA,-0.0361829749864672,-1.52234720761164,0.290593114037192,-0.000471105238735122,7.52275406570607e-05,0.177364031156505,NA,-1.52234720761164,0.461901208867926,0.649685885045701,-0.000213109003840934,0.000333223775551249,0.177364031156505,NA,0.461901208867926,"not restored","not restored"
"Turicibacter",-1.79988218592089,0.121850305572155,-0.053700128728301,0.00604645243400737,0.131586966528027,0.497052815267509,-1.79988218592089,-1.58814564534727,0.259327370688567,-0.00784483929705344,0.00109042412774982,0.146329290066703,NA,-1.58814564534727,0.0302590641633721,0.976193430042296,-0.00440328551008927,0.00453197791471399,0.146329290066703,NA,0.0302590641633721,"not restored","not restored"
"Tuzzerella",3.15756515728685,0.0325273717991352,0.000756469950294428,0.00531732174890105,0.19677757558927,0.761987924065325,3.15756515728685,-1.68673535294018,0.221035695850502,-0.014415045059795,0.00162436276330139,0.270416148361263,0.323903748566747,-1.68673535294018,1.10036285709079,0.287299400507041,-0.00384579650053965,0.0121606928528827,0.270416148361263,0.323903748566747,1.10036285709079,"not restored","not restored"
"UBA1819",0.0559593605020636,0.956635690977175,-0.0018549458892511,0.00194856952703297,0.000202274054841196,0.179263553535449,0.0559593605020636,-2.1140964156073,0.0974487199438369,-0.00309311580227611,-9.6677794075926e-06,0.216584506087543,NA,-2.1140964156073,-0.165490476850745,0.870402448587067,-0.00166316623391445,0.00142028178895407,0.216584506087543,NA,-0.165490476850745,"not restored","not restored"
"UCG-003",-0.259055971292091,0.799982496370426,-0.000609545033642375,0.000480000506328821,0.00513579485297713,NA,-0.259055971292091,-1.45769116989538,0.414379692913519,-0.000428943936157272,8.4023348747838e-05,0.0677405453913863,0.43422900192471,-1.45769116989538,-1.05611456368411,0.414379692913519,-0.000379486117921596,0.000130169725021697,0.0677405453913863,0.43422900192471,-1.05611456368411,"not restored","not restored"
"UCG-005",2.06139286559682,0.209724072386224,-4.77755030673587e-05,0.000345178372260234,0.176677658177175,0.482620746176975,2.06139286559682,-1.86879317839538,0.1560282498679,-0.000351533993005333,2.0555929381414e-05,0.149937020570539,NA,-1.86879317839538,-0.77172996299116,0.45028797962451,-0.000254384703585328,0.000117705218801094,0.149937020570539,NA,-0.77172996299116,"not restored","not restored"
"UCG-009",1.04774635402088,0.33083707994667,-0.000874319707486396,0.00224664046571221,0.028676785875302,0.684166527142149,1.04774635402088,-2.92873966563911,0.0179406736646057,-0.00511071868033901,-0.000841158560836408,0.377690861858695,NA,-2.92873966563911,0.169839109786115,0.867030932370834,-0.00196220385844892,0.00230735626105309,0.377690861858695,NA,0.169839109786115,"not restored","not restored"
"[Eubacterium] brachy group",1.13590899522032,0.282825956092283,-9.74757551679886e-05,0.000299481636975049,0.0906060880591175,NA,1.13590899522032,-1.2432956056514,0.459419682988776,-0.000324487040060565,8.32148779489049e-05,0.0963488282469123,NA,-1.2432956056514,0.0416678052444188,0.967222239451309,-0.000199807961741626,0.000207893956267844,0.0963488282469123,NA,0.0416678052444188,"not restored","not restored"
"[Eubacterium] nodatum group",1.48472305162038,0.326810650710198,-4.74159328527971e-05,0.000250270176633164,0.144984489473472,NA,1.48472305162038,-1.16018628561078,0.522261152460952,-0.00021945499142263,6.33064395092448e-05,0.0696306101302737,NA,-1.16018628561078,-0.916402960276662,0.522261152460952,-0.000203049689229494,7.97117417023804e-05,0.0696306101302737,NA,-0.916402960276662,"not restored","not restored"
"[Eubacterium] oxidoreducens group",-1,0.36543352541149,-3.50872025130486e-05,1.30115381735249e-05,0.0714285714285715,NA,-1,-1.52560939016816e-16,1,-4.31969898178223e-05,4.31969898178223e-05,0.0909090909090909,NA,-1.52560939016816e-16,1.22474487139159,0.709375329618342,-1.8015050304819e-05,6.83789293307816e-05,0.0909090909090909,NA,1.22474487139159,"not restored","not restored"
"[Eubacterium] xylanophilum group",3.91344054169079e-08,1,-Inf,Inf,2.13902079804698e-31,0.999999999999998,3.91344054169079e-08,-1.41950098590658,0.484773237666534,-0.00127916122373654,0.00026929228276356,0.0648294425755398,0.397150775582216,-1.41950098590658,-0.57210752299195,0.577310877569178,-0.000971411592684251,0.000565663199963111,0.0648294425755398,0.397150775582216,-0.57210752299195,"not restored","not restored"
