"order","sex","timepoint","statistic_diet","p.adj_diet","conf.low_diet","conf.high_diet","R2_marginal_diet","R2_conditional_diet","effect_size_diet","statistic_treatment_FOSGOS","p.adj_treatment_FOSGOS","conf.low_treatment_FOSGOS","conf.high_treatment_FOSGOS","R2_marginal_treatment_FOSGOS","R2_conditional_treatment_FOSGOS","effect_size_treatment_FOSGOS","statistic_treatment_1472","p.adj_treatment_1472","conf.low_treatment_1472","conf.high_treatment_1472","R2_marginal_treatment_1472","R2_conditional_treatment_1472","effect_size_treatment_1472","restoration_FOSGOS","restoration_1472"
"Acholeplasmatales","Female","week 5",NA,NA,NA,NA,NA,NA,NA,1.24316312101612,0.66693705655736,-8.59777398384337e-06,3.56886056723762e-05,0.0548316346277899,NA,1.24316312101612,-1.01638476397806e-16,1,-2.17131840435959e-05,2.17131840435959e-05,0.0548316346277899,NA,-1.01638476397806e-16,"not restored","not restored"
"Acholeplasmatales","Female","week 10",NA,NA,NA,NA,NA,NA,NA,-6.69433041052043e-10,1,-1.80716800991462e-05,1.80716800872404e-05,0.083508412307905,NA,-6.69433041052043e-10,1.5580016932697,0.385481288925063,-4.13530788798182e-06,3.13061666938188e-05,0.083508412307905,NA,1.5580016932697,"not restored","not restored"
"Acholeplasmatales","Male","week 5",-0.987248640096646,0.405290491616853,-8.37990663215559e-05,3.27545972687484e-05,0.0456392000317273,NA,-0.987248640096646,1.22636226234149,0.744213355903948,-2.0794760377626e-05,7.17555524399618e-05,0.0543972243033006,NA,1.22636226234149,0.849572367526302,0.826850026933675,-2.84154318691983e-05,6.42411824469861e-05,0.0543972243033006,NA,0.849572367526302,"not restored","not restored"
"Bacteroidales","Female","week 5",-1.90285683340219,0.0707464966725549,-0.165568436986557,0.00730760465069265,0.170812025906757,NA,-1.90285683340219,5.02202110890118,3.21705634653778e-05,0.11455194194175,0.270281005494866,0.433814480943098,NA,5.02202110890118,1.23846739548644,0.224025745172561,-0.0298226080721587,0.122882302291431,0.433814480943098,NA,1.23846739548644,"not restored","not restored"
"Bacteroidales","Female","week 10",-1.86502815656802,0.075572165349428,-0.203168236750992,0.0107722052351628,0.131365158661243,NA,-1.86502815656802,0.885189683493191,0.397037637119853,-0.0897882507657869,0.207894643372457,0.1061368402858,NA,0.885189683493191,1.45641378221735,0.349586014100389,-0.0490156659205479,0.236843229541642,0.1061368402858,NA,1.45641378221735,"not restored","not restored"
"Bacteroidales","Male","week 5",-1.37868422394244,0.201145669371208,-0.168039817339416,0.0407220953113099,0.0452492586971294,0.685245373503086,-1.37868422394244,-1.31492959466618,0.439727424848732,-0.161795422144266,0.0424136790457738,0.0405848700649333,0.564129809751369,-1.31492959466618,-0.315370529366279,0.758735866810072,-0.118515797849235,0.089001841117389,0.0405848700649333,0.564129809751369,-0.315370529366279,"not restored","not restored"
"Bacteroidales","Male","week 10",0.087198853937101,0.932410340700589,-0.157394149301148,0.170027938784323,0.000411092718590985,0.42448067400671,0.087198853937101,-1.10760477570284,0.553223435967358,-0.136971759193987,0.0405770308295918,0.0848777786836856,NA,-1.10760477570284,0.570476243162295,0.57231801681148,-0.0666640608512243,0.118545943869776,0.0848777786836856,NA,0.570476243162295,"not restored","not restored"
"Bifidobacteriales","Female","week 5",-2.69344162826953,0.063721689856206,-0.198076128215278,-0.0122398375788195,0.335023683041878,0.877654588039491,-2.69344162826953,2.68634370260329,0.0621112829730343,0.00764631867284942,0.0757030902352479,0.545648298292916,NA,2.68634370260329,0.653868610509228,1,-0.0229469464133977,0.0424548199484113,0.545648298292916,NA,0.653868610509228,"not restored","not restored"
"Bifidobacteriales","Female","week 10",-0.680482336227629,0.520324045063079,-0.107586407607866,0.0603133999302076,0.0320360692193623,0.548355894750881,-0.680482336227629,2.69760525737817,0.0773853750550506,0.0109453504559884,0.131644826151383,0.434387972251155,NA,2.69760525737817,0.141958338228359,0.890340687639286,-0.0542775603875843,0.0615071057130979,0.434387972251155,NA,0.141958338228359,"not restored","not restored"
"Bifidobacteriales","Male","week 5",-5.27394391569328,0.00145825059828621,-0.253412259360132,-0.0993979471482942,0.600672946068367,0.847376509860517,-5.27394391569328,5.03064008129963,0.00106223248173204,0.0685529350753236,0.17460467690098,0.603804416081099,0.826721885109038,5.03064008129963,0.0653569212689986,1,-0.0515026224804665,0.0546747726729752,0.603804416081099,0.826721885109038,0.0653569212689986,"restored","not restored"
"Bifidobacteriales","Male","week 10",-1.3608155377097,0.209717943148728,-0.184405306356262,0.047137657618858,0.12125284884483,0.826927396506772,-1.3608155377097,3.66797012049178,0.00858366594373298,0.0477652808828019,0.184835123455406,0.936468524976848,NA,3.66797012049178,-0.829693649149091,0.421709428141919,-0.0949026883339075,0.0422407446774614,0.936468524976848,NA,-0.829693649149091,"not restored","not restored"
"Burkholderiales","Female","week 5",-0.728522372620864,0.580325437313515,-0.00206161219355657,0.00111080544513997,0.0350331098469568,0.502734048054367,-0.728522372620864,7.46192937050877,0.00141132616142718,0.00571820472799788,0.0115139135078206,0.709499037800209,0.74308067138553,7.46192937050877,0.366410794441794,1,-0.0023447502918737,0.00316864841230039,0.709499037800209,0.74308067138553,0.366410794441794,"not restored","not restored"
"Burkholderiales","Female","week 10",-0.265825345805363,0.798742878018072,-0.00673185074254757,0.00539486641962022,0.00508980541325628,0.990854435009118,-0.265825345805363,4.99048494821008,5.30174043637648e-05,0.00569705405188424,0.0135245495211607,0.491448855041864,NA,4.99048494821008,-0.159867105912328,1,-0.00413964275702583,0.00353584803920325,0.491448855041864,NA,-0.159867105912328,"not restored","not restored"
"Burkholderiales","Male","week 5",0.0343229106833486,0.973303406410578,-0.00503946206602681,0.00519687874580856,0.00010538281065475,NA,0.0343229106833486,1.76904081773017,0.294911665293036,-0.00104995256601265,0.0110233580203707,0.227061575911258,NA,1.76904081773017,0.296132853572881,0.771296605233965,-0.00522432678255294,0.00690568105633256,0.227061575911258,NA,0.296132853572881,"not restored","not restored"
"Burkholderiales","Male","week 10",-2.14639949080296,0.121719312905331,-0.00349204487201319,9.58834612475013e-05,0.18743201329149,0.728761280350639,-2.14639949080296,6.84158965676808,9.49882786330577e-05,0.00840729056210744,0.0164182998179987,0.624069677226798,0.724838207930534,6.84158965676808,0.370206547823015,1,-0.00333192805079209,0.00470114882667512,0.624069677226798,0.724838207930534,0.370206547823015,"not restored","not restored"
"Chlamydiales","Female","week 5",NA,NA,NA,NA,NA,NA,NA,0.66675551606162,1,-6.40451235415719e-06,1.29697682065612e-05,0.0861185392646456,NA,0.66675551606162,1.60204609770386,0.330480090439622,-1.81637469541629e-06,1.77362229534976e-05,0.0861185392646456,NA,1.60204609770386,"not restored","not restored"
"Chlamydiales","Female","week 10",-0.533883988333385,0.622461537744462,-2.88689775687667e-05,1.96435511004595e-05,0.012959030899643,NA,-0.533883988333385,-1.24316312101612,0.575672319526178,-1.13055040376955e-05,4.74769696837952e-06,0.0548316346277899,NA,-1.24316312101612,-1.26778260252802,0.575672319526178,-1.11496328794276e-05,4.59182581011161e-06,0.0548316346277899,NA,-1.26778260252802,"not restored","not restored"
"Chlamydiales","Male","week 10",1.14643349685459,0.730792400359863,-8.06160552775608e-06,1.42971303572993e-05,0.0562439885208977,NA,1.14643349685459,-0.946048047182452,0.713779498047626,-8.79162684209355e-06,4.80926138207343e-06,0.057434179632749,NA,-0.946048047182452,-1.39446717444866,0.713779498047626,-9.9831083708001e-06,3.96258522149335e-06,0.057434179632749,NA,-1.39446717444866,"not restored","not restored"
"Christensenellales","Female","week 5",3.74202136203964,0.00225833447400366,0.000798811525145764,0.00278500629471055,0.37842413768395,NA,3.74202136203964,-6.81339883682581,1.54399572286684e-07,-0.00386961448356997,-0.0020915634182752,0.597559530645436,NA,-6.81339883682581,-1.19303686681032,0.241114081925977,-0.0013835320186052,0.000359990496414161,0.597559530645436,NA,-1.19303686681032,"restored","not restored"
"Christensenellales","Female","week 10",1.27358143682104,0.239407046451753,-0.000417523794875436,0.00143792017978809,0.0667879406497889,NA,1.27358143682104,-7.30721089807141,3.66004144346839e-08,-0.00257934853806099,-0.00145682764675857,0.599511777855124,NA,-7.30721089807141,-4.33115948409821,0.000124145555578254,-0.00172330165233961,-0.000622579358269053,0.599511777855124,NA,-4.33115948409821,"not restored","not restored"
"Christensenellales","Male","week 5",0.945737144288805,0.354554975041357,-0.000345632828519317,0.000925133573727642,0.0374321198432164,NA,0.945737144288805,-3.66895483626346,0.00281108473549866,-0.00150187157096324,-0.000427852941610886,0.535432476652631,NA,-3.66895483626346,2.24614744993178,0.0319382612146057,5.72293639432155e-05,0.00118538392044595,0.535432476652631,NA,2.24614744993178,"not restored","not restored"
"Christensenellales","Male","week 10",0.869728142063679,0.404911437186991,-0.000677175351273464,0.0015436273901106,0.0537396626572815,NA,0.869728142063679,-6.03847743260997,0.000539886416990803,-0.00259633879586707,-0.00118389800958796,0.531955568695469,0.741408401526839,-6.03847743260997,-0.538087580649037,0.601814658042807,-0.00088422185552701,0.00053869228241983,0.531955568695469,0.741408401526839,-0.538087580649037,"not restored","not restored"
"Clostridiales","Female","week 5",3.1641272954061,0.00915382527748358,0.00384781042344206,0.0185394068767144,0.363427439026659,NA,3.1641272954061,-2.90129162940302,0.0259012035024225,-0.0157605009196771,-0.0014235412609725,0.257264954999655,0.492877993319444,-2.90129162940302,-3.17454908032724,0.0235008176413367,-0.0163532217307722,-0.00270454618764599,0.257264954999655,0.492877993319444,-3.17454908032724,"restored","restored"
"Clostridiales","Female","week 10",2.03604581911442,0.147335559261077,-9.20255257446402e-05,0.00163981988353094,0.238078853088796,NA,2.03604581911442,-1.36388560963515,0.613050751803958,-0.00306635545045395,0.000750182406659418,0.116182851635298,0.783412875152492,-1.36388560963515,0.26075968358538,0.79926421213942,-0.00165978344090949,0.00210372165877939,0.116182851635298,0.783412875152492,0.26075968358538,"not restored","not restored"
"Clostridiales","Male","week 5",1.79586584353773,0.221150662284611,-0.000731694506305613,0.00584799960665425,0.130215678445852,0.635104361655662,1.79586584353773,-1.40242739721519,0.376645497259112,-0.00582603583478064,0.00129047643961306,0.0879969515300859,0.732789680791909,-1.40242739721519,-0.599573230588249,0.560605212764581,-0.00452817809932428,0.00258412576749157,0.0879969515300859,0.732789680791909,-0.599573230588249,"not restored","not restored"
"Clostridiales","Male","week 10",2.14189873088775,0.115225864115667,-3.75397282643498e-05,0.00196174022712648,0.365481813563519,NA,2.14189873088775,-0.193307174957417,1,-0.0104756382274504,0.008773548874801,0.165765000696313,0.973427273646137,-0.193307174957417,1.48402172855388,0.493407631954562,-0.00309398587768743,0.0161521546898831,0.165765000696313,0.973427273646137,1.48402172855388,"not restored","not restored"
"Coriobacteriales","Female","week 5",2.6080616218828,0.0415375077463704,0.000138016434867257,0.00500154491533447,0.253757858853276,NA,2.6080616218828,0.0438556617802633,1,-0.00512379126025503,0.00532927819035547,0.0212613182346498,0.605350830939517,0.0438556617802633,-0.573318733003708,1,-0.00645969883471063,0.00379535182055324,0.0212613182346498,0.605350830939517,-0.573318733003708,"not restored","not restored"
"Coriobacteriales","Female","week 10",1.15314864525964,0.484715316571601,-0.00393845938659203,0.0107252076123126,0.0886701381454324,0.835245443704434,1.15314864525964,-0.526513549206445,0.610961412002602,-0.00873289529542553,0.0054255371456291,0.0714021252947534,0.704069462216184,-0.526513549206445,-1.1396418411411,0.561393469367208,-0.0101810335099763,0.00328341057267004,0.0714021252947534,0.704069462216184,-1.1396418411411,"not restored","not restored"
"Coriobacteriales","Male","week 5",1.87526717727411,0.21301416375365,-0.00234429836973509,0.0188903704614003,0.132949928283029,0.169162370651165,1.87526717727411,-0.0635661706161239,0.950202400810804,-0.0149106700602875,0.014051228711578,0.166439111345347,NA,-0.0635661706161239,-1.43949509634082,0.342242912899121,-0.0243570650132349,0.00474853407945882,0.166439111345347,NA,-1.43949509634082,"not restored","not restored"
"Coriobacteriales","Male","week 10",-0.164525940458084,0.872905869468051,-0.0307471048810722,0.026570062560312,0.00174029041242386,0.623264648234461,-0.164525940458084,0.767791429462993,0.798049823587515,-0.013967881061275,0.0290220174166225,0.119527593995998,0.907990096186052,0.767791429462993,-0.875247255864201,0.798049823587515,-0.0300806808053185,0.0128722219104894,0.119527593995998,0.907990096186052,-0.875247255864201,"not restored","not restored"
"Corynebacteriales","Male","week 5",-1,0.414994610712133,-1.13596643955439e-05,4.77959148833607e-06,0.0416666666666667,NA,-1,NA,NA,NA,NA,NA,NA,NA,NA,NA,NA,NA,NA,NA,NA,"not restored","not restored"
"Corynebacteriales","Male","week 10",NA,NA,NA,NA,NA,NA,NA,-0.0572920880227889,1,-7.99480445093745e-06,7.70593904594686e-06,0.0601261922944344,NA,-0.0572920880227889,1.27002288637895,0.872060525890023,-4.74276080538191e-06,1.12621561200397e-05,0.0601261922944344,NA,1.27002288637895,"not restored","not restored"
"Deferribacterales","Female","week 5",0.0207121522848577,0.9840371280255,-0.0281891315828923,0.0286902432481618,0.000142238535167757,NA,0.0207121522848577,-1.11495012855706,0.605974181025079,-0.0208411699320601,0.0075532196845451,0.128917392302681,NA,-1.11495012855706,-0.905789204556768,0.605974181025079,-0.018809248540461,0.00842108460279521,0.128917392302681,NA,-0.905789204556768,"not restored","not restored"
"Deferribacterales","Female","week 10",1.13201434723401,0.542457857492978,-0.00612545797650316,0.0206307707852097,0.0618773658141823,NA,1.13201434723401,-1.77014476388,0.173548065151844,-0.0230549201996667,0.00164126882628947,0.0876923080284784,NA,-1.77014476388,-0.978063822600802,0.336719340260385,-0.0180722045141004,0.00640435835408549,0.0876923080284784,NA,-0.978063822600802,"not restored","not restored"
"Deferribacterales","Male","week 5",1.95460891825529,0.128343081075308,-5.84623897097863e-05,0.00187333653632721,0.156959403790328,NA,1.95460891825529,1.00296396407969,0.927182967738943,-0.00248709113847548,0.00728739606429755,0.0632698558222533,NA,1.00296396407969,-0.402287590224027,0.927182967738943,-0.00617187851216972,0.00413909754878623,0.0632698558222533,NA,-0.402287590224027,"not restored","not restored"
"Deferribacterales","Male","week 10",-0.706009498342737,0.488544616048735,-0.00872450358943435,0.00431790007754865,0.0243570039996675,NA,-0.706009498342737,-1.50138972929697,0.330449268831419,-0.0115927890054084,0.00228590215349341,0.0977463319022287,0.500898535204617,-1.50138972929697,-1.49097954880696,0.330449268831419,-0.0115923647147121,0.00226510024600037,0.0977463319022287,0.500898535204617,-1.49097954880696,"not restored","not restored"
"Desulfovibrionales","Female","week 5",1.8425687197238,0.109204042090884,-0.00264845690049316,0.0208406327164818,0.193713964781731,NA,1.8425687197238,-3.45715714606271,0.0177457869404991,-0.0322657932911287,-0.00639031563138718,0.455871129915459,0.656345640553893,-3.45715714606271,0.801198837520291,0.443282857439271,-0.00800416432451359,0.0168214770788877,0.455871129915459,0.656345640553893,0.801198837520291,"not restored","not restored"
"Desulfovibrionales","Female","week 10",1.15515104972604,0.26042132580283,-0.00649178376172359,0.0228166147302949,0.0548349405064605,NA,1.15515104972604,-3.56067236761129,0.00223475533543785,-0.0333926463902399,-0.00912551574214848,0.272072293132232,NA,-3.56067236761129,-2.57390369331789,0.0145864673774375,-0.02696706682646,-0.00317118745847097,0.272072293132232,NA,-2.57390369331789,"not restored","not restored"
"Desulfovibrionales","Male","week 5",0.86453242366887,0.407483112941564,-0.00535343957843909,0.01214714339055,0.0411917876895431,NA,0.86453242366887,-2.05714977241657,0.153353133203646,-0.0138611095034053,0.000893727291140757,0.147281107869737,0.724626322570259,-2.05714977241657,1.85173214220759,0.153353133203646,-0.00149600760618483,0.0137491145872141,0.147281107869737,0.724626322570259,1.85173214220759,"not restored","not restored"
"Desulfovibrionales","Male","week 10",1.24282032572155,0.227017701280182,-0.00371040562572019,0.0148080587450792,0.0629304292342624,NA,1.24282032572155,-2.40451878401749,0.0435992761774111,-0.0185671942100263,-0.00155720648267522,0.196651107870454,NA,-2.40451878401749,0.207411243431393,0.836928523908262,-0.00776686915507527,0.00953229202011148,0.196651107870454,NA,0.207411243431393,"not restored","not restored"
"Enterobacterales","Female","week 5",-0.265243793626924,0.793486397540712,-0.00111014558008895,0.000859406780561056,0.00470887972338846,NA,-0.265243793626924,-0.14990070080673,1,-4.42954125270523e-05,3.82097374312644e-05,0.00180703756428897,NA,-0.14990070080673,0.101325473939511,1,-3.84346116945768e-05,4.24683439995338e-05,0.00180703756428897,NA,0.101325473939511,"not restored","not restored"
"Enterobacterales","Female","week 10",-0.470587920792664,0.653542239943188,-0.00252290384662426,0.00169862921008991,0.0139486760220018,0.663913454729161,-0.470587920792664,-0.792960265549819,0.87001174292071,-0.00108871921911682,0.000482649853952205,0.0215956199375228,NA,-0.792960265549819,-0.0851848941727498,0.932810608803741,-0.000805220563100616,0.000741338075039872,0.0215956199375228,NA,-0.0851848941727498,"not restored","not restored"
"Enterobacterales","Male","week 5",-1.95205485303253,0.12788075516008,-0.00198352164375423,6.07506655238949e-05,0.149357035361185,NA,-1.95205485303253,-1.37634354074495,0.401350883102097,-8.68888155242341e-05,2.09010200162667e-05,0.0560400171846147,NA,-1.37634354074495,-1.10664175297417,0.401350883102097,-8.14092164894806e-05,2.73857538168901e-05,0.0560400171846147,NA,-1.10664175297417,"not restored","not restored"
"Enterobacterales","Male","week 10",0.0898129421554649,0.93019458068871,-9.16388182463292e-05,9.93459024236879e-05,0.000368946375170234,NA,0.0898129421554649,-1.55927058445442,0.295578510836574,-0.000112695639835643,1.9369048506332e-05,0.0884654314237484,NA,-1.55927058445442,-0.2312845882097,0.821147111354561,-7.36142972262541e-05,5.95433100305794e-05,0.0884654314237484,NA,-0.2312845882097,"not restored","not restored"
"Erysipelotrichales","Female","week 5",-3.97705311801536,0.0082274593508067,-0.0520861967560245,-0.0120454305744184,0.486667639991041,0.618304661958781,-3.97705311801536,1.18823731049979,0.562047628823407,-0.0053936592503447,0.0178967908696044,0.0890856622647962,0.838910821178045,1.18823731049979,0.105957591184772,0.917470457219162,-0.0108291955561243,0.0119285515080542,0.0890856622647962,0.838910821178045,0.105957591184772,"not restored","not restored"
"Erysipelotrichales","Female","week 10",0.256635551083666,0.805537587454923,-0.036417962220124,0.0450901783730038,0.00467157901416961,0.822830606753212,0.256635551083666,-0.916941811641519,0.762405504382343,-0.0554770241540311,0.023456774699358,0.15054876266844,0.627595756550356,-0.916941811641519,0.915897950825881,0.762405504382343,-0.0222946624833897,0.0534416662114754,0.15054876266844,0.627595756550356,0.915897950825881,"not restored","not restored"
"Erysipelotrichales","Male","week 5",0.355399426512247,0.725675238457922,-0.0126424114785147,0.0178715935630838,0.00546169099953385,NA,0.355399426512247,-1.35768191094951,0.39353542583972,-0.0244796834717868,0.00553865828536219,0.0778138699513494,NA,-1.35768191094951,-0.980880456557509,0.39353542583972,-0.0220674329453718,0.00820436128417201,0.0778138699513494,NA,-0.980880456557509,"not restored","not restored"
"Erysipelotrichales","Male","week 10",0.898386070742626,0.389034071996764,-0.0221379305845936,0.0524033540651197,0.0824751105077339,NA,0.898386070742626,-0.603200750002065,0.807519526328271,-0.0408493672178898,0.0233245912923283,0.030696829203103,0.46227289876595,-0.603200750002065,-0.868201563185207,0.807519526328271,-0.0448443771562754,0.0194651640362892,0.030696829203103,0.46227289876595,-0.868201563185207,"not restored","not restored"
"Eubacteriales","Female","week 10",0.994149249779877,0.80797594402678,-7.35367161569555e-06,1.32005464772204e-05,0.0430594387714037,NA,0.994149249779877,-1.32888242741399,0.614959893335435,-1.13269547430482e-05,5.06858532518317e-06,0.0615230655234664,NA,-1.32888242741399,-1.29452306335184,0.614959893335435,-1.09069213763665e-05,4.92653374876068e-06,0.0615230655234664,NA,-1.29452306335184,"not restored","not restored"
"Lachnospirales","Female","week 5",3.48101170934072,0.00459353767799138,0.0463003676741842,0.184270941453148,0.389175109831531,NA,3.48101170934072,0.751355407270109,0.664197867347114,-0.074672677753282,0.149689494170246,0.0357319056363926,0.433776173114026,0.751355407270109,1.0167796749327,0.664197867347114,-0.0600364346619094,0.162043124470269,0.0357319056363926,0.433776173114026,1.0167796749327,"not restored","not restored"
"Lachnospirales","Female","week 10",0.0910558567957415,0.928300324117919,-0.0638377639192554,0.0696887261744442,0.000458627773697485,NA,0.0910558567957415,-0.272424205548618,0.906222618877747,-0.106358974278802,0.0835184538285752,0.0302774772341317,NA,-0.272424205548618,-0.782303807158215,0.906222618877747,-0.122822480903867,0.0593322332526032,0.0302774772341317,NA,-0.782303807158215,"not restored","not restored"
"Lachnospirales","Male","week 5",2.2351645682509,0.0984011555079152,0.00031331623003078,0.147452783614965,0.356733599282892,NA,2.2351645682509,2.46873446555323,0.0720645817211309,0.0088177913916208,0.207575813589492,0.214858572308534,0.723958733217608,2.46873446555323,0.116761525928126,0.909334732925799,-0.0936787933767553,0.104056813868798,0.214858572308534,0.723958733217608,0.116761525928126,"not restored","not restored"
"Lachnospirales","Male","week 10",0.581346769918877,0.566955341993941,-0.0475805282999147,0.0846262043272114,0.0149906781630638,NA,0.581346769918877,0.450012799340286,1,-0.0602097136451086,0.0907968545194012,0.00895890273915393,0.380024530043299,0.450012799340286,0.514073302310452,1,-0.058227473043513,0.0938202795042659,0.00895890273915393,0.380024530043299,0.514073302310452,"not restored","not restored"
"Lactobacillales","Female","week 5",-3.87730885182303,0.000982866735892299,-0.187220061346937,-0.0560674610799565,0.419002791681375,NA,-3.87730885182303,-0.944520581546308,0.726538316642939,-0.101447799091234,0.0400218021675195,0.158217406776201,NA,-0.944520581546308,-0.232996748296347,0.819628243224437,-0.0752745660123184,0.060707021201164,0.158217406776201,NA,-0.232996748296347,"not restored","not restored"
"Lactobacillales","Female","week 10",1.42717896177929,0.232544889293721,-0.026487541035528,0.143397409107983,0.0813537094184202,NA,1.42717896177929,-2.99472830788597,0.0101886244194385,-0.166302693527839,-0.0318409615485719,0.19954502326873,NA,-2.99472830788597,-1.59378685730177,0.12023908986262,-0.117627165945376,0.0142234100534025,0.19954502326873,NA,-1.59378685730177,"not restored","not restored"
"Lactobacillales","Male","week 5",-2.61603898193127,0.055385770971815,-0.158389082567764,0.00266300081243023,0.137863436894514,0.649049446711015,-2.61603898193127,-1.3348332262448,0.288322021409814,-0.104828198001138,0.0267662390731239,0.0857613060736479,0.506666827567978,-1.3348332262448,-1.57979966677521,0.288322021409814,-0.112612922015551,0.0189132118642467,0.0857613060736479,0.506666827567978,-1.57979966677521,"not restored","not restored"
"Lactobacillales","Male","week 10",0.195465332270095,0.849646491415017,-0.0732051416209026,0.0869029420730404,0.00302495516341604,0.887488141041631,0.195465332270095,-1.69734276799548,0.228113555430571,-0.119650306793988,0.0145213223423077,0.435513599184184,NA,-1.69734276799548,-1.33076837693348,0.228113555430571,-0.108486092114894,0.0258679206372613,0.435513599184184,NA,-1.33076837693348,"not restored","not restored"
"Micrococcales","Female","week 10",NA,NA,NA,NA,NA,NA,NA,-1.17464785154221e-08,1,-1.05792172595978e-05,1.05792171873964e-05,0.057634450580454,NA,-1.17464785154221e-08,1.04295475403703,1,-7.04305493242323e-06,1.32661199355178e-05,0.057634450580454,NA,1.04295475403703,"not restored","not restored"
"Monoglobales","Female","week 5",-0.932628385683775,0.38804064593246,-0.000154880952340976,6.98514314824891e-05,0.0828133153658604,NA,-0.932628385683775,-1.97370906586868,0.150366152327602,-0.000104868302324753,5.98409785134614e-06,0.409669300415541,NA,-1.97370906586868,-1.18986983506018,0.260122646596427,-8.19258315034449e-05,2.46120984261236e-05,0.409669300415541,NA,-1.18986983506018,"not restored","not restored"
"Monoglobales","Female","week 10",-0.372069349744727,0.722169336858886,-0.000250278505538782,0.000183697078401205,0.0152897407564646,NA,-0.372069349744727,-1.7395883053827,0.238477387270159,-0.000202576211038471,2.79587456450231e-05,0.182800909251953,NA,-1.7395883053827,0.212519985432451,0.836373268348919,-0.000101421898073707,0.000122502405694005,0.182800909251953,NA,0.212519985432451,"not restored","not restored"
"Monoglobales","Male","week 5",-1.04137542307142,0.30902845593668,-3.75153409102076e-05,1.24353567772232e-05,0.0454543104522178,NA,-1.04137542307142,-0.119636150340024,1,-1.98742835966628e-05,1.76644186865437e-05,0.00769988749480695,NA,-0.119636150340024,0.381857564809492,1,-1.55444639327014e-05,2.27376511587156e-05,0.00769988749480695,NA,0.381857564809492,"not restored","not restored"
"Monoglobales","Male","week 10",0.410226764177186,0.68560716763978,-6.92714184415761e-05,0.000103433715768342,0.00726363607827823,NA,0.410226764177186,-1.39432940613365,0.376898915783479,-0.000147993011542661,3.24769649446649e-05,0.193234511404078,NA,-1.39432940613365,0.635297984861345,0.536655991312903,-6.41695409162559e-05,0.000117349066831805,0.193234511404078,NA,0.635297984861345,"not restored","not restored"
"Obscuribacterales","Female","week 10",NA,NA,NA,NA,NA,NA,NA,0.084981665115118,1,-9.07163780188913e-06,9.56971098776501e-06,0.00453091833417906,NA,0.084981665115118,0.309585823466612,1,-8.81646403035113e-06,1.07268211752132e-05,0.00453091833417906,NA,0.309585823466612,"not restored","not restored"
"Oscillospirales","Female","week 5",4.25418514785879,0.0131028270667098,0.0432008982707613,0.166759446357202,0.483994347199433,0.682213878113707,4.25418514785879,-4.70554262856292,0.00155939689623192,-0.214481587350154,-0.0769468163099812,0.730844494709292,NA,-4.70554262856292,-0.345213302109563,0.736790798027644,-0.0763360423728811,0.0557546554649999,0.730844494709292,NA,-0.345213302109563,"restored","not restored"
"Oscillospirales","Female","week 10",0.79948902115688,0.433955920271617,-0.0300937166493634,0.0672655019933399,0.0283943952035768,NA,0.79948902115688,-6.29178983754556,7.21753015403339e-07,-0.144168053333153,-0.0737731648459805,0.532899007282029,NA,-6.29178983754556,-2.16008534802312,0.0379057673177023,-0.0711990087360632,-0.0021711414181421,0.532899007282029,NA,-2.16008534802312,"not restored","not restored"
"Oscillospirales","Male","week 5",1.80809464076602,0.107825907101942,-0.0114922833490097,0.0956459876564687,0.155770380005859,0.399849939282686,1.80809464076602,-1.62170919695845,0.115191447612096,-0.0611845902416602,0.00700611742178422,0.414831849412626,NA,-1.62170919695845,2.96710989397271,0.0170426932198957,0.0162722291072872,0.0876335241956756,0.414831849412626,NA,2.96710989397271,"not restored","not restored"
"Oscillospirales","Male","week 10",1.05827062456564,0.301683638589346,-0.0182054272615946,0.0560393937318283,0.0500914845572767,NA,1.05827062456564,-4.61403761552395,0.00151123475354462,-0.125576964453388,-0.0444366483629019,0.570060585455988,0.689302220369866,-4.61403761552395,1.18968221310106,0.258075271472746,-0.018587175652409,0.062864601016077,0.570060585455988,0.689302220369866,1.18968221310106,"not restored","not restored"
"Peptococcales","Female","week 5",4.24022718621727,0.0138520059051073,0.000530214341475305,0.00207784508321691,0.510385816371081,NA,4.24022718621727,-3.07134405655003,0.0105828618663465,-0.00189165551378005,-0.000370397334383862,0.340795042715817,NA,-3.07134405655003,0.891988147015853,0.382665500819495,-0.000430297082261452,0.00107556629007853,0.340795042715817,NA,0.891988147015853,"restored","not restored"
"Peptococcales","Female","week 10",0.0906860731563091,0.928562658025379,-0.000699289198598996,0.000763242614579906,0.000357435840220763,NA,0.0906860731563091,-2.08773708490913,0.0887725647630363,-0.00122152251451529,-1.64528478879534e-05,0.108228504097563,NA,-2.08773708490913,-1.15243504128009,0.257180991825984,-0.000925881208430374,0.000255786819525951,0.108228504097563,NA,-1.15243504128009,"not restored","not restored"
"Peptococcales","Male","week 5",2.96817296712138,0.0342620984862013,0.000232270802094893,0.001801278406265,0.329744726544256,NA,2.96817296712138,-0.379995837571697,0.71653131504023,-0.0014200842223404,0.0010351224047441,0.0833048535581192,0.472115061811581,-0.379995837571697,1.31214893769828,0.455143695149246,-0.000523872963965335,0.00188032306514416,0.0833048535581192,0.472115061811581,1.31214893769828,"not restored","not restored"
"Peptococcales","Male","week 10",1.9368678584328,0.0988946257414074,-0.000212167165296691,0.00190363643448232,0.158097605094811,0.315911683589277,1.9368678584328,-2.46571129038215,0.0629257653029644,-0.00245617058198028,-0.000138546478210441,0.336730437654639,NA,-2.46571129038215,0.281850617482238,0.783188681703241,-0.00101699168968687,0.00131653129159971,0.336730437654639,NA,0.281850617482238,"not restored","not restored"
"Peptostreptococcales-Tissierellales","Female","week 5",6.13799082208187,7.07290537770126e-06,0.0712791131762161,0.144024954739604,0.620930761764464,NA,6.13799082208187,-7.16923971521378,1.54847281387772e-07,-0.149162497004561,-0.0830525293434037,0.621234045679946,NA,-7.16923971521378,-4.74990165891833,6.07007215566835e-05,-0.108778046195605,-0.0431329485850146,0.621234045679946,NA,-4.74990165891833,"restored","restored"
"Peptostreptococcales-Tissierellales","Female","week 10",1.85427607807897,0.0771545975096996,-0.00232549076681305,0.0415983596901559,0.13005127414058,NA,1.85427607807897,-3.37872825989183,0.0136749011707354,-0.0785631614771678,-0.0162164920954543,0.477542294756688,NA,-3.37872825989183,-0.126684144108349,0.901554219382366,-0.0316548463556917,0.0282229245949753,0.477542294756688,NA,-0.126684144108349,"not restored","not restored"
"Peptostreptococcales-Tissierellales","Male","week 5",4.99831816661818,0.00103900214414789,0.0386878738317869,0.100742977553999,0.771085081738215,NA,4.99831816661818,-4.69528159100863,0.00103609455075224,-0.094413153159238,-0.0345642014470726,0.517413632464897,NA,-4.69528159100863,-1.35400705119467,0.199494327015973,-0.0489626654108387,0.0113063735520863,0.517413632464897,NA,-1.35400705119467,"restored","not restored"
"Peptostreptococcales-Tissierellales","Male","week 10",-1.19094364171415,0.266131772398579,-0.0220689920247268,0.00694945185302202,0.0639984235823794,0.581541045445019,-1.19094364171415,-1.87907328098269,0.166323536161759,-0.0370473249554733,0.00260658734713723,0.625562008897303,NA,-1.87907328098269,1.4186703355403,0.179497985173098,-0.00682081479230178,0.0329218368384767,0.625562008897303,NA,1.4186703355403,"not restored","not restored"
"Pseudomonadales","Female","week 10",NA,NA,NA,NA,NA,NA,NA,0.66675551602718,1,-6.98504686335255e-06,1.090895811744e-05,0.0861185392611179,NA,0.66675551602718,1.60204609767639,0.598070849235487,-4.23334459355231e-06,1.37482931575697e-05,0.0861185392611179,NA,1.60204609767639,"not restored","not restored"
"Pseudomonadales","Male","week 5",NA,NA,NA,NA,NA,NA,NA,1.27054050704324,0.666519210909999,-8.64325509813646e-06,3.44674768174595e-05,0.0956052528804821,NA,1.27054050704324,0,1,-2.17405055647743e-05,2.17405055647743e-05,0.0956052528804821,NA,0,"not restored","not restored"
"Reyranellales","Female","week 10",-0.801424340135792,0.70272370396356,-6.93291432843238e-05,5.05281538414409e-05,0.438360802686131,NA,-0.801424340135792,NA,NA,NA,NA,NA,NA,NA,NA,NA,NA,NA,NA,NA,NA,"not restored","not restored"
"Rhizobiales","Male","week 10",0.98327279521404,1,-1.97460552313257e-05,2.12573529373269e-05,0.0425830313882406,NA,0.98327279521404,-1.22614288220272,1,-1.1475275370355e-05,9.96397766435382e-06,0.0570243137424721,NA,-1.22614288220272,-1.20454578400334,1,-1.14893279982328e-05,9.97803029223156e-06,0.0570243137424721,NA,-1.20454578400334,"not restored","not restored"
"Rickettsiales","Female","week 5",0.778532652463901,0.444548564994163,-6.57920718057706e-05,0.000144877500722466,0.0256761072276987,NA,0.778532652463901,-3.72179489826379,0.00142629375549521,-0.000239958004124227,-7.04585266942225e-05,0.280048253682054,NA,-3.72179489826379,-1.56281840837703,0.12735636944505,-0.000147011813466771,1.91960986408116e-05,0.280048253682054,NA,-1.56281840837703,"not restored","not restored"
"Rickettsiales","Female","week 10",1.01815095645807,0.319741096837897,-0.000136771957544467,0.000400394100320665,0.0609718419146365,NA,1.01815095645807,-3.48396435850352,0.00426250441292223,-0.000548610401685469,-0.00014405610910918,0.35357958004736,NA,-3.48396435850352,-0.338902431423661,0.736769966675576,-0.000244699873481272,0.000174753772141752,0.35357958004736,NA,-0.338902431423661,"not restored","not restored"
"Rickettsiales","Male","week 5",0.23506271695846,0.819006266086433,-0.000169018109433349,0.000208753074910922,0.00724354945728772,NA,0.23506271695846,-0.822741549536336,0.857347351737862,-0.000353525351635945,0.000161683632659416,0.220122374230255,NA,-0.822741549536336,0.615265893126123,0.857347351737862,-0.00018537674413353,0.000329364142708025,0.220122374230255,NA,0.615265893126123,"not restored","not restored"
"Rickettsiales","Male","week 10",0.305873590047391,0.766703004902795,-0.000297053033936113,0.000389835875529508,0.0142023172902282,NA,0.305873590047391,-2.86126595848469,0.0258760550511924,-0.000733678248525999,-0.000103791319850885,0.380606012056401,NA,-2.86126595848469,1.12224485605374,0.280247522045525,-0.000151357526156639,0.000484968099498995,0.380606012056401,NA,1.12224485605374,"not restored","not restored"
"Saccharimonadales","Female","week 5",-0.748637029376497,0.479272080518015,-0.000253031326954148,0.000131977418731046,0.0667645053777092,NA,-0.748637029376497,2.10200186308247,0.264572027428764,-3.77814144531246e-05,0.000390630637233495,0.151408525138074,NA,2.10200186308247,0.157589805190845,0.880127594717549,-0.000189391988115071,0.000215226973088045,0.151408525138074,NA,0.157589805190845,"not restored","not restored"
"Saccharimonadales","Female","week 10",-0.884083548908819,0.403982861551535,-0.000462256340309937,0.000208042634201033,0.15536463692901,NA,-0.884083548908819,-1.1420745485508,0.450921879144276,-0.000132727289950376,3.72205327612687e-05,0.0496095095453038,NA,-1.1420745485508,-1.23455470122432,0.450921879144276,-0.000133941581582148,3.27059692445902e-05,0.0496095095453038,NA,-1.23455470122432,"not restored","not restored"
"Saccharimonadales","Male","week 5",0.173914019512374,0.866099037489001,-0.00016570121856016,0.00019291926482495,0.00134954310872002,NA,0.173914019512374,1.8829403598301,0.253686782619771,-3.64132830303991e-05,0.000493908920258238,0.257909448971089,NA,1.8829403598301,-0.497840139915736,0.834052463231522,-0.000327793757817465,0.000205566290702533,0.257909448971089,NA,-0.497840139915736,"not restored","not restored"
"Saccharimonadales","Male","week 10",-1.99438427468239,0.0784658063128173,-0.000539891517609044,3.5538076389401e-05,0.179293470700505,0.74825736928186,-1.99438427468239,-0.0530944462105367,0.958509924287188,-0.00019630365007487,0.00018694008689862,0.152651450292757,NA,-0.0530944462105367,1.22872532563273,0.724755117738886,-8.32741108422533e-05,0.000301403760596234,0.152651450292757,NA,1.22872532563273,"not restored","not restored"
"Staphylococcales","Female","week 5",2.33213167048966,0.0597306871430105,7.31779033331974e-05,0.00128738922222509,0.224809928711465,NA,2.33213167048966,-3.04099816763687,0.0230100185007836,-0.00129608482695858,-0.000205896011719073,0.263451874845995,0.330475712695073,-3.04099816763687,-2.8190022474377,0.0230100185007836,-0.00120899198034182,-0.000156143310522822,0.263451874845995,0.330475712695073,-2.8190022474377,"not restored","not restored"
"Staphylococcales","Female","week 10",0.994149249783586,0.692106702295755,-9.86862997357854e-06,2.53551579306244e-05,0.0430594387706475,NA,0.994149249783586,-0.36327412911372,1,-5.05445569623623e-05,3.52146575265026e-05,0.0348755233654751,NA,-0.36327412911372,0.744819963993551,1,-2.66366715255537e-05,5.74571569646746e-05,0.0348755233654751,NA,0.744819963993551,"not restored","not restored"
"Staphylococcales","Male","week 5",-0.63510325686732,0.539541838694575,-0.000647145826498149,0.000359885601225913,0.130505411216604,NA,-0.63510325686732,-0.97390037137798,0.601857153119241,-0.000351999281823198,0.000123924957466029,0.104091111104053,NA,-0.97390037137798,1.05043244460617,0.601857153119241,-0.000117240295403139,0.000368109101222297,0.104091111104053,NA,1.05043244460617,"not restored","not restored"
"Staphylococcales","Male","week 10",0.982680276695454,0.708703301661363,-0.00129183526851286,0.0032144989376837,0.046611387333398,NA,0.982680276695454,-1.21583795037664,0.507171277328986,-0.00274266111401259,0.000816317151999235,0.0621351845243812,NA,-1.21583795037664,-1.17672555141615,0.507171277328986,-0.00273758182650671,0.000843438163033705,0.0621351845243812,NA,-1.17672555141615,"not restored","not restored"
"Verrucomicrobiales","Female","week 5",0.070368828629194,0.946265572681153,-0.0674651106411831,0.0714250326471178,0.000223516601261044,0.456193109186422,0.070368828629194,1.70868027911195,0.363250311637854,-0.020909215774985,0.151455596519809,0.112184116308913,0.572615962272624,1.70868027911195,0.725906132688437,0.483873483340942,-0.0563115445299383,0.111181256760155,0.112184116308913,0.572615962272624,0.725906132688437,"not restored","not restored"
"Verrucomicrobiales","Female","week 10",0.901213887679487,0.378178968621446,-0.0119922249779572,0.0302406876096083,0.0398665056750269,NA,0.901213887679487,2.65033193687728,0.0688824448606071,0.0282912222524411,0.310038125675068,0.386473366608733,0.952083079413052,2.65033193687728,-0.103166072336861,1,-0.143177525179786,0.130278636093178,0.386473366608733,0.952083079413052,-0.103166072336861,"not restored","not restored"
"Verrucomicrobiales","Male","week 5",1.67834600951467,0.244698185701967,-0.0352855692805836,0.258109001884588,0.378578153499475,NA,1.67834600951467,-0.508592810066525,1,-0.164721112695217,0.103225658069638,0.0208387207849817,0.540722287727009,-0.508592810066525,0.198498827788122,1,-0.121886752372282,0.146069589948735,0.0208387207849817,0.540722287727009,0.198498827788122,"not restored","not restored"
"Verrucomicrobiales","Male","week 10",0.156557728141428,0.879098194658468,-0.097290906225184,0.111724357573079,0.00177551826148628,0.656026888721554,0.156557728141428,1.59547667371822,0.417874038922509,-0.0317989306784443,0.198367145147822,0.121360927875211,0.838872054707792,1.59547667371822,-0.0595660545804187,0.953519697905226,-0.118698121279585,0.112407451514223,0.121360927875211,0.838872054707792,-0.0595660545804187,"not restored","not restored"
