"","pathway","x101w10","x101w5","x102w10","x102w5","x103w10","x103w5","x104w10","x104w5","x105w10","x105w5","x106w10","x106w5","x109w10","x109w5","x110w10","x110w5","x113w10","x113w5","x115w10","x116w10","x116w5","x117w10","x117w5","x119w10","x119w5","x121w10","x121w5","x122w10","x122w5","x124w10","x124w5","x125w10","x125w5","x126w10","x126w5","x128w10","x128w5","x130w10","x130w5","x131w10","x131w5","x132w10","x132w5","x133w10","x133w5","x134w10","x134w5","x135w10","x135w5","x136w10","x136w5","x137w10","x137w5","x201w10","x201w5","x202w10","x202w5","x204w10","x204w5","x207w10","x207w5","x208w10","x208w5","x209w10","x209w5","x211w10","x211w5","x212w10","x212w5","x213w10","x213w5","x216w10","x216w5","x217w10","x217w5","x218w10","x218w5","x219w10","x219w5","x221w10","x221w5","x223w10","x223w5","x224w10","x224w5","x225w10","x225w5","x226w10","x226w5","x227w10","x227w5","x228w10","x228w5","x231w10","x231w5","x232w10","x232w5","x233w10","x233w5","x234w10","x234w5","x235w10","x235w5","x236w10","x236w5","x237w10","x237w5","x238w10","x238w5","x239w10","x239w5","x241w10","x243w10","x243w5","x245w10","x245w5","x246w10","x246w5","x247w10","x247w5","x248w10","x248w5","x250w10","x250w5","x251w10","x251w5","x252w10","x252w5","x302w10","x302w5","x303w10","x303w5","x304w10","x304w5","x305w10","x305w5","x306w10","x306w5","x308w10","x308w5","x310w10","x310w5","x311w5","x312w10","x312w5","x314w10","x314w5","x315w10","x315w5","x401w10","x401w5","x402w10","x402w5","x405w10","x405w5","x407w10","x407w5","x408w10","x408w5","x409w10","x409w5","x412w10","x412w5","x413w10","x413w5","x419w10","x419w5","x420w10","x420w5","x421w10","x421w5","x422w10","x423w10","x423w5","x435w10","x435w5","x436w10","x436w5","x438w10","x438w5","x439w10","x439w5","x501w10","x501w5","x503w10","x503w5","x506w10","x506w5","x115w5repeat","x241w5repeat","x311w10pos","x422w5repeat","x507w10","x507w5","x508w10","x508w5"
"1","ARG+POLYAMINE-SYN",1.68818284787175,0.549020181337911,1.29072789986444,0.533187098077426,1.42587724246651,-0.500163824794367,1.1788631241489,-0.0188069161356665,1.28434744669172,0.233693522609817,1.07863505183543,0.199444531187088,1.58977909572669,2.30306943805187,0.92532707102365,1.45122420868902,1.07002298752431,1.25769025981567,0.846063449791399,1.33033754836659,0.788902082192294,1.60690629931365,1.00723241767577,1.46141978737439,1.10344310858724,1.322462815247,0.84444457242425,0.543385387579097,0.763000385079494,1.05026186104645,0.949756678882161,0.580885300284438,1.5758283032796,0.332844569812663,1.18175611455901,2.3349451845367,2.37151755637348,1.81752361552287,2.44519841716537,1.58137412644974,2.0469694053917,1.55947483012086,1.58484880863207,2.06753788081353,2.11031094359417,0.809678843213228,0.551466708477281,2.20985807356367,1.03057203162909,1.89044874357349,2.51249434529203,1.46082657600101,1.02045061657292,0.427092555191093,1.74631716545212,1.86614029061747,1.60690434337541,1.69729947058029,1.1908162841497,0.488342266662376,2.00104046723965,1.53032557485382,1.67239643241576,1.52745888308255,1.16886538948792,1.7618156814716,1.9612235921466,2.09870624093189,2.24416177496115,1.43112914479511,2.40115840247231,1.25447743164834,1.72674383989728,1.91404281339849,2.01006111599975,1.55355704601231,0.866823607950538,0.151543836406094,2.19973295387057,0.462102723934625,2.20823227507536,0.457406543436504,0.515924567408673,0.389846082131101,1.30153734807821,0.763242245424817,0.40253792586518,0.364361330692245,1.26094722328052,0.718529819939018,0.609776436178778,1.03044519118451,0.873937444810972,1.30800591208482,2.00901027940031,0.118723632189845,1.23616154027332,0.901178694677389,1.47194063401422,1.32061262958653,1.64587732868608,1.05038048593564,1.39308347705473,0.698825562433841,1.4887379022586,0.183833475925168,1.39032379953582,0.739977705025495,1.36278661609534,1.50034326396807,0.638209170829557,1.08684979439291,1.18970989162875,1.16595776602162,2.45803874683293,0.412665004166348,1.78374808913015,1.4463451669904,1.72845819550865,0.468996359601548,-0.0244584099745797,1.67432186775458,1.11782710711797,1.55633726032444,0.643831958679239,1.66882314260262,0.77162722556676,1.83923189567759,2.36698509265202,2.22013840942111,0.690221476141437,2.47061191213711,0.66572364294475,2.42507174701887,1.62470051664137,1.60454814152202,0.52610001956731,1.66605504938411,1.36361603686787,2.49137014121472,1.5258025776114,2.45200007779045,0.823252017647222,0.776120655629994,0.690832959019922,0.975392948508759,1.78886828661608,0.674238718110718,0.866620882463338,0.289863402969594,1.77740610628961,-0.0972555029699844,1.6023258862688,1.18950841860148,1.3255464932766,0.380751790043438,1.52028574476532,1.56082181176947,2.18264695049296,2.2151414230603,1.82098586558073,1.87274154736071,1.2191387804048,0.744225660582058,1.49060668602417,1.98032334418208,2.23773733975118,2.03872836816862,0.98400424134783,1.20270910871633,2.55761199210713,-0.59332273422859,-0.0663625295844836,1.3649017775789,1.52624405113644,0.877464423640746,2.20736389837206,0.528543106858322,-0.059828429902911,1.01399937784173,0.541654630166003,1.92170164693128,1.03339415554101,2.15275362628831,0.290988283783515,1.45170934568943,0.504073469419155,1.96982761699682,0.573234485912847,1.18187456284595,0.407348658576278,1.80238430938652,1.83570092172155,1.96188021453814,0.961360631786723,1.35948342799671
"2","ARGDEG-PWY",-2.50072514759562,-1.48707870692227,-4.10883661280502,-3.7761110836899,-7.40389805577058,-3.07363971489254,-3.59750653811456,-1.93787002360044,-4.86212366098387,-1.24403227043946,-5.01957823900564,-3.06353801930778,-7.79171414468118,-7.48341199901683,-4.29547456175994,-3.77937255133492,-1.52724591572897,-1.92591253138583,-1.64196160741739,-7.33057559974338,-1.84394414803628,-6.52146940570076,-6.25639485366951,-4.49097444589686,-6.50881344703336,-6.61029033624152,-6.59891247083919,-3.30758481377698,-6.37895976882857,-6.64610358875999,-5.50915184499444,-7.03242642808877,-7.46700166894426,-6.43624231004699,-7.58742084633958,-6.95094065265334,-7.52946867425822,-7.13316544286272,-7.3771568971482,-1.47752034243209,-4.52691104409119,-7.1179610154861,-6.94932532059971,-6.74608536023997,-7.13886698374417,-7.17466772626234,-7.22856591403859,-7.51336264192513,-4.59211774575253,-7.64611051186518,-7.17329038005363,-4.4829404147226,-4.75537166169074,-4.89548977350216,-6.40454730765456,-7.41621288508675,-6.0082371031864,-6.60893120387073,-3.38771564520304,-6.79588053981613,-6.22352216705956,-5.27222718517831,-6.64989949295663,-6.17467112591052,-7.45831587229783,-5.33766467745582,-5.1218283587148,-7.44390806963933,-7.31427897270459,-6.53014033092036,-7.36425580915121,-4.03322392712567,-7.0989538321387,-7.50188516929416,-7.25435585866291,-6.85735739475831,-7.36099637931591,-7.35398421632556,-7.02199475587781,-6.45945405356503,-5.33642492100962,-6.46628612500592,-5.14957416279659,-7.87127660443465,-7.05002538973424,-7.85122087982947,-4.40849577383755,-6.45635016592887,-7.99183484784956,-7.55958683403231,-7.60072361061566,-7.06446572340151,-7.15620755173459,-6.74063497582867,-6.77434425652665,-7.67507383938263,-6.91282298257309,-7.38315102075966,-7.15790371493785,-7.60776128439364,-6.98635544955606,-5.87336444550152,-6.96970804149815,-6.92710048107323,-6.83148683175392,-6.11199220476832,-7.34257335746536,-7.42398306073847,-7.22091964197455,-7.65444847261691,-6.97327439147961,-7.89957289372621,-7.02879346920747,-6.27560882998715,-5.76741168422026,-6.84903262527671,-3.375525165334,-6.34979207593375,-7.17880328733461,-6.88098148881241,-7.67019707099431,-6.84655902304057,-6.77024815822103,-6.67273696683704,-7.73339406244448,-6.62570618606756,-7.49377702031215,-7.2650328235101,-7.64103829140753,-7.64000012136132,-7.54053542923756,-7.44612515894258,-7.30191512462856,-6.92266859833098,-1.3477009319757,-4.52099020610356,-7.18501324340837,-7.15243110927412,-7.03791501100648,-7.39512057233372,-6.49918636006634,-7.13339682353339,-7.08169311979639,-6.10538680440099,-6.4910729120226,-5.71959475932028,-6.78789360203953,-6.02003235648628,-6.93981392167367,-6.87249410106231,-7.5042283100265,-6.70357717149205,-7.5171318944626,-7.12182247454289,-7.20627979311872,-7.24787402196931,-6.96769358400274,-7.15186346040041,-7.07579712985218,-8.29305953443798,-7.0661176787009,-8.14646501744147,-7.48265834485418,-7.37380793043955,-7.2079222786773,-6.97819444513506,-7.29830170016753,-7.5302089027107,-8.31104584898373,-7.02245651391546,-7.24160073717088,-6.8451686223841,-8.31101977735477,-7.33379198245187,-7.66446428284696,-7.46595176738359,-7.56722443184483,-7.3775007429771,-5.04450873813643,-7.08035805637546,-3.77624134577603,-6.84821793860717,-5.83390057659042,-7.43707577611568,-7.89612676648316,-7.21116150164654,-7.86299562085932,-7.25007091845122,-1.34855615377099,-6.45788670811545,-6.9178844829547,-6.76788923655419,-6.61972292696886,-6.65045905809552,-6.29997724791601,-6.77072537063968
"3","ARGORNPROST-PWY",1.44920264424625,-0.380954236287232,1.10736413802624,-0.339636715076838,1.68620856057828,-0.895195237856032,1.16016136935659,-0.484409430634142,1.36347252050533,-0.910884807837336,0.915432173579901,-0.599191707004205,1.63519202897996,2.08437048036006,0.889166285629233,1.87457272311217,0.727406399555262,0.705455119044513,0.528882401806278,0.531695820341968,0.0195039120190641,1.27113960584165,0.237638498206021,1.00089780605308,1.80464745944441,0.962743765591247,0.728550641466353,-0.505927302444008,0.845109135965019,0.538190658682892,0.936390199653651,0.0820580482802891,1.31075183112886,-0.513055472502598,1.61916516568701,2.06941766027014,1.97313536904382,1.99031453530589,2.06947188026925,1.28256238436881,1.74970475491902,1.64986282361288,2.1580421930892,1.97918162772006,1.93166296145676,1.70356772366238,1.52128734391074,1.83562503593522,1.73066354742384,1.89937032349449,2.3618697194393,1.16728213494543,1.75335028933143,0.774644610572158,0.453578209928782,1.52813325213758,1.05750368552946,1.4693111760139,0.788754043316582,1.05945581837117,1.71799133271058,1.42353607538403,1.29555717336843,1.48610189865209,0.588605651626794,1.43794604060349,1.6211890797561,1.54596549963105,2.28786835640963,1.94531053315228,2.30451394377504,1.12328189046801,2.07444146796843,1.70495091453968,1.78333752149687,1.45299208929061,1.83011074878005,1.23783817694673,1.90955195840398,1.17022209676657,1.92042776778725,0.152983806054033,0.310781904687121,0.0547886447033186,1.48706802721405,-0.0658704015281106,0.199494061079431,0.604176576684685,1.15680105713901,0.529334671499346,0.846441191778034,0.475838021795918,1.4246911153593,0.43365505206708,1.66668777384383,0.388735840299165,1.16956979583289,0.417437008882011,1.24730789810791,1.09500889061743,2.13727928048406,0.809128406894989,1.79356492045682,0.116235594128263,1.31096564031947,0.246631888381044,1.37644392371569,0.575159451746102,1.29200814421343,0.645139989468691,0.973458403066273,0.522212021951409,0.809474097166544,2.5833904538615,2.32964221169753,1.71150069338363,1.51210308675405,2.37440091787095,1.54955812432299,0.897309180025931,0.870479505820771,1.68725261971099,1.22367667751858,1.60087495679394,1.28054144969571,1.70606462281029,1.11427559216596,1.8487547054199,1.96401800447851,2.56929087462201,1.88229723275758,2.58705228196387,1.84887716384965,2.48500865473111,1.2539006322628,2.0216396631128,1.36721407380085,2.04003542938966,0.958734076974589,2.21295590632371,0.988595367346464,2.15754890789233,0.871046420579287,0.359636708509742,1.24063153948648,0.665182019663531,1.49914353919123,0.786043257156693,0.365438156825739,0.702028292369111,1.44478546335447,0.462867778232752,1.19682130255693,1.15818126867754,1.39026702355595,1.18003126853398,1.62923769011539,1.12113705370228,2.0551562355019,2.07726147448682,1.53368020978686,1.76415495011681,1.03712153597921,1.45650220290961,1.24528806539434,1.93622651670283,2.59310952590732,1.76507927510774,2.11067637901703,1.25095863212962,2.6247211452234,0.946447627672954,1.5534225227061,2.07666323370383,1.72426226008609,2.181221997655,1.9949528810351,1.59007314718091,1.2806539021721,1.87133761366501,1.05685302353488,1.70887731798512,0.59621233069745,1.92710523294393,0.485118195619001,2.05260064459735,1.65611371277645,1.73604612315329,-1.13978126025941,1.09188797801275,-0.0532113624380495,1.84699185099946,1.14519450285195,1.58725916903799,1.22418986340878,1.59168648611993
"4","ARGSYN-PWY",2.73491951489603,2.44293726926772,2.7219806454428,2.64219934749548,3.44393586057939,2.98166296694831,2.87101051856293,2.64161208981692,3.25230755652069,2.44980299770149,3.41531317627342,2.85387834767781,3.59070333323532,3.01402485020686,3.23934202530214,2.83320481093106,2.63070047930153,2.39384921628884,2.3966724179998,3.06787141272293,2.4194357178876,3.06494729332382,3.31048108061131,2.95935190708251,3.03612975964358,3.22484839805321,3.04562063610755,2.95254384587442,3.03224395178351,3.56799198599313,2.89848962299336,3.42243004062687,3.34501916746748,3.40599405750384,3.36547235304481,3.23799559002232,3.3857665429956,3.27427594344683,3.26006460065848,2.51709078822281,2.90769751911237,3.38293850846125,3.55544149020127,3.27088842277289,3.57551583316433,3.46920272577173,3.80541580861275,3.53646635928006,3.34377924174987,3.27675524723741,3.4601503904465,2.99556987769988,3.11902023938856,2.70602528573305,3.44826759066022,3.24350575381177,3.39221777734991,3.09011012057305,2.81513225013363,3.10710287910755,3.32350327867558,3.08807964995237,3.53829862395124,3.11554965255745,3.50642863453317,2.878028327666,3.08763846562204,3.17645085775461,3.36372365960876,3.04438249471195,3.36037159816763,2.4775521838516,3.21631536116241,3.20957100692536,3.19901202656294,3.12257581138836,3.40142451959793,3.29194176277739,3.26182667293392,3.09974318911937,3.31491927392977,3.48435426894009,3.24786452921156,3.53626878934714,3.32872348729984,3.57216616293103,3.13547715263348,3.23995133910156,3.47795700423343,3.61442999024561,3.29289250348545,3.54373622836925,3.16478049000575,3.20391977396598,3.43631377450049,3.16344246779549,3.44127954899644,3.26190009256639,3.54127851946688,3.55011970046015,3.43702593732823,3.2496607195786,3.43779846749856,3.11665751063972,3.23284199106097,3.2190435009879,3.49333024242149,3.51850570845084,3.40373242148317,3.80154981401456,3.34008470125331,3.64559470727194,3.56672301967602,3.64064957231714,3.27844976212199,3.59458024749526,3.11821757117404,3.80379684928803,3.32682445059668,3.27815758925271,3.18150758647511,3.36844700557623,3.39102640281943,3.13679622057736,3.57641403477239,3.10944152929409,3.3331962890126,3.30757602302563,3.34758265316041,3.5589264766481,3.72272656960811,3.44624121771821,3.71527040296141,3.37144817016907,2.49314955529668,3.00408412326173,3.33665479121885,3.50043159132267,3.08389891342861,3.33867378228493,3.20635974571495,3.40129172824903,3.29003583717523,3.25627819589996,3.5199927003341,3.31394601212118,3.66842242610846,3.22611283982357,3.66607832654351,3.35320226982252,3.22785397625531,3.26960764308678,3.42327506450908,3.15407454372739,3.42091270217988,3.40724899790988,3.28300825808624,3.14289086033236,3.43548406522184,3.34650083729462,3.26462456953334,3.25612902195006,3.58548821151746,3.18058637669232,3.30691123798513,3.14706346155493,3.44485004462763,3.39850204811406,3.74705894891847,3.41628970976258,3.43105966592232,3.2404558809049,3.56111295514754,3.55204698719526,3.23715914534721,3.77029095508495,3.63207877746547,3.4731795539437,3.17711184926168,3.44918191106573,2.91309622233693,3.35680908742573,3.27499724058514,3.33166701201858,3.33512069282247,3.3614342191731,3.54777588697883,3.30211649364982,2.1705465899209,3.10049895812874,3.10714696220837,3.08553526776553,3.21269026146139,3.29358452462085,2.95267898774661,3.15150313251423
"5","ARGSYNBSUB-PWY",2.68070454973181,2.45307095399034,2.47704506867766,2.52925671836141,3.45464116377425,2.95843356477117,2.84703442095722,2.63315752916106,3.26467581778925,2.34111322638394,3.44937875196745,2.84613698017604,3.54521752211836,2.84733009042094,3.2000826461738,2.77791224519218,2.6136639184623,2.33966366786529,2.37840215271263,2.92333545529911,2.32762536975783,3.02363321945361,3.28170132277189,2.98437218575862,3.02977372234201,3.21591505612871,3.04335119947394,2.962344876169,3.01680224604998,3.50233010156701,2.92180121975088,3.45542487656916,3.36858376437463,3.43218964201074,3.39475988393364,3.18925790641797,3.38011893975367,3.23731559893656,3.19636562239061,2.3726880534763,2.86737066043983,3.41711914833541,3.4790811354711,3.16598839691032,3.59222808735371,3.34129798520811,3.83042200089844,3.5021862831022,3.33175913798115,3.26434988297759,3.44665814299018,3.00008015093069,3.09847864336955,2.52185376513974,3.40325366970117,3.14925360819453,3.35325353492837,3.06244488823655,2.70663142697937,3.0828661664112,3.25543006930116,3.0755242648862,3.49861632763324,3.09361825933355,3.46543717221993,2.67909646039212,3.02654371274367,3.15481691371611,3.35830969113457,2.99155604250739,3.34888329046373,2.29564731770438,3.20124473167805,3.19180211589311,3.18084016780798,3.07569147835253,3.41387660471815,3.23225445549416,2.78590049640481,3.08863434358873,3.2827643903185,3.51607617816419,3.22158971658978,3.57538861565509,3.34746706743051,3.60107302605403,3.11906327447383,3.27346152033425,3.49684386923922,3.64893311129905,3.30810867756429,3.57040244770387,3.17268539046779,3.17949110965199,3.19050438011331,3.13371693153472,3.4456350960499,3.18644514856624,3.55381909024588,3.55462074339053,3.44547841985276,3.24706377699534,3.44499418041957,3.04404057073037,3.25956163516218,3.19666005266096,3.48397677471782,3.50791370909638,3.41045683759,3.79389859526092,3.33897264370809,3.64320564775397,3.58392055169432,3.60975624081043,3.19606477761798,3.63813275914827,3.11034757264436,3.82858436305518,3.32494335924223,3.28921050689051,2.92767944492458,3.35945394408689,3.39374560622866,3.12268117295626,3.57906411447175,3.05787201876991,3.29764770978041,3.27488346519544,3.26596638653585,3.56754772405109,3.74663128459537,3.38573924831071,3.73150469791949,3.34331819403264,2.30554991013481,2.99639858314989,3.33733301115914,3.52406617703863,3.05431416652177,3.2932788992501,3.23447483530857,3.42046377093046,3.20737789253865,3.29088289008452,3.55967238468844,3.3507772288938,3.70587833306181,3.25459907631835,3.70407953616293,3.36778228963402,3.23445956841075,3.23652629220794,3.44290970681235,2.92972836018206,3.39667715814183,3.42778912606404,3.24561048706245,3.08979991149585,3.38761092830538,3.17209878857542,3.27012737842555,3.11789438689536,3.60352345188916,3.1282952352547,3.24849492502064,2.8433336104572,3.39417887716928,3.3999069798103,3.76672206575156,3.41551759940164,3.36323048925573,3.20719314754345,3.39414264060929,3.58156973910536,2.99699370726362,3.7865151493481,3.5570050298673,3.48257490922848,3.028099853404,3.46730747338973,2.63976863451887,3.40002342116443,3.1056742174623,3.31281573254773,3.13046403100399,3.32954451220795,3.30928051436395,3.33140858419003,2.02814211380279,3.10734476431844,3.13118706362895,3.05349785155802,3.20352002117414,3.3323755388739,2.660326946301,3.16621942040268
"6","AST-PWY",-3.30384031463599,-2.22499507085279,-4.90949564204663,-4.59717326628185,-7.40389805577058,-3.89605763428311,-4.42250421211403,-2.73570180523452,-5.64810082069766,-1.96773901796592,-5.8203529997591,-3.8882690888192,-7.79171414468118,-7.48341199901683,-5.12898366108361,-4.59960202565744,-2.27036868613823,-2.74955925506032,-2.37711400733799,-7.33057559974338,-2.65895653117343,-6.52146940570076,-6.25639485366951,-5.29521000254041,-6.50881344703336,-6.61029033624152,-6.59891247083919,-4.08861277838023,-6.37895976882857,-6.64610358875999,-5.50915184499444,-7.03242642808877,-7.46700166894426,-6.43624231004699,-7.58742084633958,-6.95094065265334,-7.52946867425822,-7.13316544286272,-7.3771568971482,-2.2134572010386,-5.30993920885934,-7.1179610154861,-6.94932532059971,-6.74608536023997,-7.13886698374417,-7.17466772626234,-7.22856591403859,-7.51336264192513,-5.37597888976973,-7.64611051186518,-7.17329038005363,-5.30224715780954,-5.44425280501433,-4.89548977350216,-6.40454730765456,-7.41621288508675,-6.0082371031864,-6.60893120387073,-4.20405287669305,-6.79588053981613,-6.22352216705956,-6.00912745462511,-6.64989949295663,-6.17467112591052,-7.45831587229783,-6.07460363963649,-5.85830807887444,-7.44390806963933,-7.31427897270459,-6.53014033092036,-7.36425580915121,-4.82445755318128,-7.0989538321387,-7.50188516929416,-7.25435585866291,-6.85735739475831,-7.36099637931591,-7.35398421632556,-7.02199475587781,-6.45945405356503,-6.07360534922939,-6.46628612500592,-5.83740532247149,-5.83439467717361,-7.05002538973424,-7.85122087982947,-5.19808633266014,-6.45635016592887,-7.99183484784956,-7.55958683403231,-5.89597551837723,-7.06446572340151,-5.21029740267927,-6.74063497582867,-6.77434425652665,-7.67507383938263,-6.91282298257309,-7.38315102075966,-7.15790371493785,-7.60776128439364,-6.98635544955606,-5.87336444550152,-6.96970804149815,-6.92710048107323,-6.83148683175392,-6.11199220476832,-7.34257335746536,-7.42398306073847,-7.22091964197455,-7.65444847261691,-6.97327439147961,-7.89957289372621,-7.02879346920747,-6.27560882998715,-5.76741168422026,-6.84903262527671,-4.19266076330996,-6.34979207593375,-7.17880328733461,-6.88098148881241,-7.67019707099431,-6.84655902304057,-6.77024815822103,-6.67273696683704,-7.73339406244448,-6.62570618606756,-7.49377702031215,-7.2650328235101,-7.64103829140753,-7.64000012136132,-7.54053542923756,-7.44612515894258,-7.30191512462856,-6.92266859833098,-2.15349566462012,-5.2786341190509,-7.18501324340837,-7.15243110927412,-7.03791501100648,-7.39512057233372,-6.49918636006634,-7.13339682353339,-7.08169311979639,-6.10538680440099,-6.4910729120226,-5.71959475932028,-6.78789360203953,-6.02003235648628,-6.93981392167367,-6.87249410106231,-7.5042283100265,-6.70357717149205,-7.5171318944626,-7.12182247454289,-7.20627979311872,-7.24787402196931,-6.96769358400274,-7.15186346040041,-7.07579712985218,-8.29305953443798,-7.0661176787009,-8.14646501744147,-7.48265834485418,-7.37380793043955,-7.2079222786773,-6.97819444513506,-7.29830170016753,-7.5302089027107,-8.31104584898373,-7.02245651391546,-7.24160073717088,-6.8451686223841,-8.31101977735477,-7.33379198245187,-5.95971619060853,-7.46595176738359,-7.56722443184483,-7.3775007429771,-5.8368737864708,-7.08035805637546,-4.56895095473977,-6.84821793860717,-6.52587063429851,-7.43707577611568,-7.89612676648316,-7.21116150164654,-7.86299562085932,-7.25007091845122,-2.12141670569856,-6.45788670811545,-6.9178844829547,-6.76788923655419,-6.61972292696886,-6.65045905809552,-6.29997724791601,-6.77072537063968
"7","FAO-PWY",-1.50667347118943,-0.771969876097168,-2.37187133032139,-2.00697067207996,-1.07136816921899,-2.45584394566574,-1.96199425690896,-1.48715004795753,-1.94223636690568,-0.815754166008901,-1.27330236961854,-2.19988301480367,-1.12845237789347,-1.8378880612994,-1.42203403150935,-1.27963996588976,-0.856054844565388,-1.29780989259365,-0.919959938532267,-2.03185772674735,-1.05718849019316,-2.19242268377174,-2.10039032371718,-1.48183767662288,-0.981500602211934,-1.18136177665125,-2.19591010813578,-3.03783722389117,-1.94220521787882,-6.64610358875999,-1.62395644181226,-2.35011877123113,-2.22326396672495,-3.10724870702941,-2.02369253129625,-1.16286409291579,-0.259306468182197,-1.16945743967962,-0.591388183952944,-1.02077451720641,-0.905025101342014,-0.761325552167717,-1.22515851027465,-1.75198584300711,-1.99287055412961,-2.15853108543654,-0.568436278919556,-1.1318790878693,-1.56327839750169,-1.11870571878949,-1.04223006815254,-1.27620927985793,-2.31157583770812,-1.14258542971599,-2.29528126117538,-1.69243129259525,-1.47988840034825,-1.50217165821477,-2.21623486746761,-0.955327044785244,-2.61466315490271,-1.92579170816369,-2.8899299337856,-2.11745452493038,-1.241877446896,-1.20259437990653,-1.30634742712357,-0.996447412148482,0.0460354100463833,-0.923634890579742,-1.17221461794188,-0.520576985750308,-1.9784138800901,-0.553123261256641,-2.08058597623672,-1.38317763469419,-0.324961086463076,-0.443161314848523,-1.83495678463996,-0.173584370699935,-0.993065344385274,-2.77923160459945,-4.92125593682229,-2.94437290258372,-4.10594705760269,-2.42447595959355,-2.9267970185269,-2.7715581066024,-1.9731832132593,-2.63792154149287,-3.01619969668664,-2.73461107003873,-2.08608556983648,-2.61829431735006,-6.77434425652665,-2.11074819989584,-3.47930206805262,-0.759401756040308,-2.7519562552617,-2.19654209228421,-2.19198933388759,-5.87336444550152,-2.42765078600404,-2.23120811084534,-3.74088270306666,-6.11199220476832,-1.92422540550251,-2.38921806628625,-2.15176570420496,-1.98932239486181,-6.97327439147961,-2.04926162560888,-1.92095517821593,-0.624453088673921,-1.56542982162723,-0.38096208834635,-1.24489087921236,-0.150284946940702,-0.34843717892004,-3.79041972198964,-1.15545586037558,-1.58527900202027,-0.783924353748148,-1.65451704460372,-0.589402493042948,-1.82269717313849,-0.65736967978072,-1.55782405025229,-0.785976335580625,-0.271729839130385,-0.189915538785741,-0.417876881918693,-0.911515626967935,-0.586397428148506,-0.969386051976131,-0.959066890467572,-0.465426303097337,-0.485399950956926,-0.428693727150297,-1.11839238554304,-0.660011305020649,-1.90504745643847,-2.95052080958772,-2.67523376177364,-6.4910729120226,-5.71959475932028,-2.49978999881356,-6.02003235648628,-2.3868924133364,-0.124245908362645,-0.702742842081461,-0.355749972042601,0.00439528815208945,-1.89351504636272,-1.87426909203326,-0.425436370898672,-2.06924693654245,-0.728516174541737,-3.38750383985288,-0.958853445169843,-1.45113222921003,-1.48370389694699,-2.06636746580487,-1.183861091708,-1.96970572370641,-1.20891700667466,-0.998075868285591,-0.582122712157151,0.108993528330291,-0.504185986566069,-1.04821407251418,-0.505819080440225,-0.487507655654841,-0.0642508945263787,-1.15500034480049,0.351459524734042,-1.76765946956377,0.0214236116844155,-1.01841800161829,-0.72236322422477,-1.4541633597175,-1.09698138815714,-0.508832410792101,-0.805999783697364,-1.13436064802882,-1.77755279881278,-1.39032034585746,-0.337871920182582,-1.05019409632166,-1.70186797649622,-1.57009957620737,-0.999911783424634,-0.806514418206049,-0.785114204505875,-2.08371552111476,-0.506206613433217
"8","FASYN-ELONG-PWY",2.90288509981527,2.98114074585974,3.29373904673791,3.32727165002847,3.29822238431797,3.21089951684498,2.96039537486241,2.98949579628801,2.97662148986373,2.96175505566787,2.82420201262299,3.16533459380546,3.63598879371841,3.35862985158364,3.25332859379889,2.93988804163051,2.70262661301557,2.81252775143576,2.4980027644933,3.62610039366381,2.76282598313126,3.24959614297514,3.51251548336219,3.29185137058208,3.27518281360724,3.61148479669842,3.27490023380812,3.35541084568711,3.29263140676485,3.98444308794048,2.89042147462369,3.41841912770929,3.2384262586665,3.596482874046,3.22547999528722,3.4318077137961,3.51506072638752,3.42075200069714,3.66660602585511,2.93536095218237,3.12646260718648,3.29837897602928,3.79227195956562,3.59939379763892,3.92409110970005,3.77204532126575,3.41442191572553,3.56364157400525,3.29042420516283,3.19396296337124,3.50511200434356,2.97762358566371,3.46931019336217,3.19762628513205,3.48850667086965,3.53106444936589,3.51066396597997,3.1421083662706,3.16625835568851,3.32315458105937,3.41447332130705,2.84357419248376,3.50484514939664,2.88794773172112,3.53851087309478,3.21991593643665,3.43304239360161,3.34479779759972,3.21993351280769,3.11045461235978,3.31885613289197,2.88588302460045,3.48668381524977,3.34603566748466,3.61925849250048,3.14257185018251,3.23311404669523,3.55638784829338,3.96073021736571,3.08867048034685,3.45958314580344,3.27621525503459,3.41391057277184,3.5644164860583,3.30972223706469,3.69017243210605,3.27647821620247,3.13051278247681,3.36621025627803,3.52098187094398,2.99782011318267,3.2657749938841,3.04105225339712,3.3626395839116,3.91948665720695,3.57450454734555,3.23040203999736,3.64837545102755,3.18639508393743,3.19873570582683,2.91729470093433,3.14549372469691,2.87454155640198,3.40484300393072,3.11789197997839,3.39416708171522,3.29510308036166,3.65333546556956,3.17756743625946,3.46307761034036,3.18917395647161,3.47701797865485,3.14432466502896,3.78769932329986,3.32635502368692,3.38886188078999,3.18581441209039,3.6166430209,3.35595498924942,3.07429816785187,3.9854576078323,3.39572424290457,3.34933884356358,3.20284160439552,3.53400043457965,3.32144029239683,3.5534417713056,3.40250908910216,3.78771357148361,3.43662985155376,3.61270613735696,3.50148023713,3.66323589342381,3.2603767233878,3.27549640158167,2.83030478637925,3.54363440501515,3.09445856420202,3.39669018787477,3.75434402197836,3.20719172979666,3.69286024074074,3.65607261121269,3.07493724721632,3.20681771138091,3.13230676850024,3.24906099361337,3.07932369774099,3.17017603050006,3.24763875662643,3.19972152287021,3.52294254685735,3.31055277584915,3.6627631834377,3.18959646597746,3.24677223044082,3.07372156839337,3.40150799920116,3.533233165294,3.69857906539337,3.24882618294072,3.60112800958285,3.26091115053244,3.48213829888529,3.48336206724861,3.54608156854766,3.29872307031656,3.40754851755875,3.43001716100843,3.40529278303497,3.42321976185187,3.556429935756,4.18450950160306,3.07631521856651,3.70178511453918,3.27511302072043,3.71489995662382,3.39320529201682,3.6376794298834,3.48849165641266,3.48942729663416,3.41399836538654,3.89906650411432,3.49639232478512,4.18352121862366,3.45307327132059,4.01231791458552,3.20208655161149,2.82191095700753,2.82293318924816,3.38677878213215,3.29634723359677,3.29557199626549,3.15992608298979,3.51618187829913,3.08696222292095
"9","FASYN-INITIAL-PWY",2.05765795701421,2.45154403523478,2.65846908272324,2.8861581167815,2.27113010279051,2.42628684348934,2.28528789462482,2.30872380550886,2.25673349558494,2.54670517076856,1.81693422240049,2.4381401550999,1.51200720407633,1.3682304078821,0.933259083959589,0.870358071912596,2.13560859200566,1.86498963165763,1.97268942877199,1.62172811606505,1.33502521585634,1.2931676286734,1.05971441347926,2.620742555099,2.84177466932971,3.24405224366943,2.95175973179655,3.04557889534307,3.04339861049012,3.64468485933424,2.16850501835929,2.87520026211137,2.50861252070686,3.20458618513634,2.15766222352665,2.30335999809044,2.26352227674723,2.06781107724719,2.94960495474567,1.87882458580796,2.53647005731513,0.905235965701086,1.24779914585292,1.26772608727634,1.15501384078941,2.39584473442408,2.2849147300247,1.73115365578271,1.69687094274955,1.62802949125316,2.00715971202114,1.55379736308099,2.74674268275861,2.82091144076709,1.16921237928234,2.59670838592538,1.57893624340109,2.36311338478753,2.58607596511173,2.96224096785018,0.715312097148469,2.28699147295716,1.88693866589382,2.05426293010192,2.77822827801549,1.12113900228493,2.92219305535077,0.949276965683691,1.50587826883885,0.765845665076375,0.746201894548247,1.44001398781482,1.86988950223645,1.84432100347909,1.56931079124218,1.24740442865204,0.491836688015643,1.86178178913436,3.50000027446128,1.65296656320589,2.67268137845224,2.7714280487008,2.85753108470426,3.08611502197508,2.10173238309207,3.27925738856695,3.00187185151562,2.63158642601161,2.85548156541242,3.03413774601522,1.11215817147786,2.73359843801566,1.54361110214717,3.11119794947947,1.26580093736481,3.32015454345474,0.344119089039119,3.39600927523174,1.57365275274328,2.59380704740807,-0.772859596078388,2.75319859168564,-0.326549812181661,3.16083847571757,2.25096858704421,3.14315764435186,2.8017078291166,3.39749330262069,2.62360660417592,3.10171373906057,2.74862635201059,3.23940973537279,2.73584352230819,-6.27560882998715,-5.76741168422026,-0.204474139493422,-1.90241712205563,-6.34979207593375,2.6305090625679,1.24352935346772,3.71103397544637,2.70221198786014,1.64020438582383,1.99272461849644,2.00485960468066,2.72536967298069,2.69861077421606,2.68772576893618,0.260938670421242,1.75912981361819,1.50658215398954,1.15543832623143,1.5236946040826,0.122765475724353,-0.0215686284642489,0.776195469888243,3.0598585089846,-0.290713022052936,0.923623108781148,1.69463949637144,1.5015822942309,1.72849582177258,3.29008478097222,2.26512713663765,0.794003916536203,1.99221557507245,1.04904264925191,2.46446684002992,2.03875013723377,0.453905564849543,0.326154268442502,0.769409068029494,0.130329999276073,2.18347458206631,1.41006690872676,1.42408460858689,1.73303787805928,1.46325369692961,0.456753522460841,1.94078988722487,0.283879215831952,2.18505419717043,0.500253081452787,2.3090026840891,0.3361813816842,2.07248957157705,1.84943699346757,0.40846476272312,1.84723553615041,0.995090839651071,1.34459003508988,3.29666858401537,3.93219240917755,1.91311596104654,3.11295530548913,1.52323575580078,2.79249637839973,2.67093528426661,3.24474922422519,2.67952648885375,2.61826426097181,1.73874908598596,3.60581613973595,2.71388054873143,3.92445915131626,2.68104137187191,2.21340007230935,0.495448859148238,2.33257296686461,1.40821819998211,2.8734432937234,2.56584114721755,0.950971450701497,0.146164266179514,1.83610512471798,0.63325895244852
"10","NADSYN-PWY",-8.84901775911556,-8.83232070456064,-7.85393462121307,-8.24783150757559,-7.40389805577058,-7.58493708839705,-8.31432451022465,-8.22670351561206,-7.95068591369171,-8.45237425360118,-8.38530235722063,-7.7489987998598,-7.79171414468118,-7.48341199901683,-8.9576250575727,-8.08084211499313,-8.94050109254132,-8.19629662672663,-6.76537119176251,-7.33057559974338,-7.52649098162901,-6.52146940570076,-6.25639485366951,-7.96935865196694,-6.50881344703336,-6.61029033624152,-6.59891247083919,-6.86120150062001,-6.37895976882857,-6.64610358875999,-5.50915184499444,-7.03242642808877,-7.46700166894426,-6.43624231004699,-7.58742084633958,-6.95094065265334,-7.52946867425822,-7.13316544286272,-7.3771568971482,-7.55818094040079,-7.61252430185339,-7.1179610154861,-6.94932532059971,-6.74608536023997,-7.13886698374417,-7.17466772626234,-7.22856591403859,-7.51336264192513,-7.67856398276378,-7.64611051186518,-7.17329038005363,-8.45924757895966,-6.83054716613423,-4.89548977350216,-6.40454730765456,-7.41621288508675,-6.0082371031864,-6.60893120387073,-7.36105329784316,-6.79588053981613,-6.22352216705956,-7.71387554686353,-6.64989949295663,-6.17467112591052,-7.45831587229783,-7.77935173187492,-7.56305617111286,-7.44390806963933,-7.31427897270459,-6.53014033092036,-7.36425580915121,-7.26680458855048,-7.0989538321387,-7.50188516929416,-7.25435585866291,-6.85735739475831,-7.36099637931591,-7.35398421632556,-7.02199475587781,-6.45945405356503,-7.77835344146781,-6.46628612500592,-7.22369968359138,-7.87127660443465,-7.05002538973424,-7.85122087982947,-7.87223498208667,-6.45635016592887,-7.99183484784956,-7.55958683403231,-7.60072361061566,-7.06446572340151,-7.15620755173459,-6.74063497582867,-6.77434425652665,-7.67507383938263,-6.91282298257309,-7.38315102075966,-7.15790371493785,-7.60776128439364,-6.98635544955606,-5.87336444550152,-6.96970804149815,-6.92710048107323,-6.83148683175392,-6.11199220476832,-7.34257335746536,-7.42398306073847,-7.22091964197455,-7.65444847261691,-6.97327439147961,-7.89957289372621,-7.02879346920747,-6.27560882998715,-5.76741168422026,-6.84903262527671,-7.34966118446008,-6.34979207593375,-7.17880328733461,-6.88098148881241,-7.67019707099431,-6.84655902304057,-6.77024815822103,-6.67273696683704,-7.73339406244448,-6.62570618606756,-7.49377702031215,-7.2650328235101,-7.64103829140753,-7.64000012136132,-7.54053542923756,-7.44612515894258,-7.30191512462856,-6.92266859833098,-7.59374652705682,-7.22454426810622,-7.18501324340837,-7.15243110927412,-7.03791501100648,-7.39512057233372,-6.49918636006634,-7.13339682353339,-7.08169311979639,-6.10538680440099,-6.4910729120226,-5.71959475932028,-6.78789360203953,-6.02003235648628,-6.93981392167367,-6.87249410106231,-7.5042283100265,-6.70357717149205,-7.5171318944626,-7.12182247454289,-7.20627979311872,-7.24787402196931,-6.96769358400274,-7.15186346040041,-7.07579712985218,-8.29305953443798,-7.0661176787009,-8.14646501744147,-7.48265834485418,-7.37380793043955,-7.2079222786773,-6.97819444513506,-7.29830170016753,-7.5302089027107,-8.31104584898373,-7.02245651391546,-7.24160073717088,-6.8451686223841,-8.31101977735477,-7.33379198245187,-7.66446428284696,-7.46595176738359,-7.56722443184483,-7.3775007429771,-8.27922082184001,-7.08035805637546,-7.34153967697955,-6.84821793860717,-7.9121649954184,-7.43707577611568,-7.89612676648316,-7.21116150164654,-7.86299562085932,-7.25007091845122,-7.10844213415568,-6.45788670811545,-6.9178844829547,-6.76788923655419,-6.61972292696886,-6.65045905809552,-6.29997724791601,-6.77072537063968
"11","ORNARGDEG-PWY",-2.50072514759562,-1.48707870692227,-4.10883661280502,-3.7761110836899,-7.40389805577058,-3.07363971489254,-3.59750653811456,-1.93787002360044,-4.86212366098387,-1.24403227043946,-5.01957823900564,-3.06353801930778,-7.79171414468118,-7.48341199901683,-4.29547456175994,-3.77937255133492,-1.52724591572897,-1.92591253138583,-1.64196160741739,-7.33057559974338,-1.84394414803628,-6.52146940570076,-6.25639485366951,-4.49097444589686,-6.50881344703336,-6.61029033624152,-6.59891247083919,-3.30758481377698,-6.37895976882857,-6.64610358875999,-5.50915184499444,-7.03242642808877,-7.46700166894426,-6.43624231004699,-7.58742084633958,-6.95094065265334,-7.52946867425822,-7.13316544286272,-7.3771568971482,-1.47752034243209,-4.52691104409119,-7.1179610154861,-6.94932532059971,-6.74608536023997,-7.13886698374417,-7.17466772626234,-7.22856591403859,-7.51336264192513,-4.59211774575253,-7.64611051186518,-7.17329038005363,-4.4829404147226,-4.75537166169074,-4.89548977350216,-6.40454730765456,-7.41621288508675,-6.0082371031864,-6.60893120387073,-3.38771564520304,-6.79588053981613,-6.22352216705956,-5.27222718517831,-6.64989949295663,-6.17467112591052,-7.45831587229783,-5.33766467745582,-5.1218283587148,-7.44390806963933,-7.31427897270459,-6.53014033092036,-7.36425580915121,-4.03322392712567,-7.0989538321387,-7.50188516929416,-7.25435585866291,-6.85735739475831,-7.36099637931591,-7.35398421632556,-7.02199475587781,-6.45945405356503,-5.33642492100962,-6.46628612500592,-5.14957416279659,-7.87127660443465,-7.05002538973424,-7.85122087982947,-4.40849577383755,-6.45635016592887,-7.99183484784956,-7.55958683403231,-7.60072361061566,-7.06446572340151,-7.15620755173459,-6.74063497582867,-6.77434425652665,-7.67507383938263,-6.91282298257309,-7.38315102075966,-7.15790371493785,-7.60776128439364,-6.98635544955606,-5.87336444550152,-6.96970804149815,-6.92710048107323,-6.83148683175392,-6.11199220476832,-7.34257335746536,-7.42398306073847,-7.22091964197455,-7.65444847261691,-6.97327439147961,-7.89957289372621,-7.02879346920747,-6.27560882998715,-5.76741168422026,-6.84903262527671,-3.375525165334,-6.34979207593375,-7.17880328733461,-6.88098148881241,-7.67019707099431,-6.84655902304057,-6.77024815822103,-6.67273696683704,-7.73339406244448,-6.62570618606756,-7.49377702031215,-7.2650328235101,-7.64103829140753,-7.64000012136132,-7.54053542923756,-7.44612515894258,-7.30191512462856,-6.92266859833098,-1.3477009319757,-4.52099020610356,-7.18501324340837,-7.15243110927412,-7.03791501100648,-7.39512057233372,-6.49918636006634,-7.13339682353339,-7.08169311979639,-6.10538680440099,-6.4910729120226,-5.71959475932028,-6.78789360203953,-6.02003235648628,-6.93981392167367,-6.87249410106231,-7.5042283100265,-6.70357717149205,-7.5171318944626,-7.12182247454289,-7.20627979311872,-7.24787402196931,-6.96769358400274,-7.15186346040041,-7.07579712985218,-8.29305953443798,-7.0661176787009,-8.14646501744147,-7.48265834485418,-7.37380793043955,-7.2079222786773,-6.97819444513506,-7.29830170016753,-7.5302089027107,-8.31104584898373,-7.02245651391546,-7.24160073717088,-6.8451686223841,-8.31101977735477,-7.33379198245187,-7.66446428284696,-7.46595176738359,-7.56722443184483,-7.3775007429771,-5.04450873813643,-7.08035805637546,-3.77624134577603,-6.84821793860717,-5.83390057659042,-7.43707577611568,-7.89612676648316,-7.21116150164654,-7.86299562085932,-7.25007091845122,-1.34855615377099,-6.45788670811545,-6.9178844829547,-6.76788923655419,-6.61972292696886,-6.65045905809552,-6.29997724791601,-6.77072537063968
"12","PWY-5154",2.28611958425716,2.31821851214294,2.57653083001967,2.64556640813541,2.83594945785908,2.69022799904126,2.60405261787539,2.38005344303775,2.66319517662551,2.42153421230953,2.20111239208875,2.49292827740494,2.83301609601266,2.80100193829224,2.59570816954897,2.53728217916851,2.32614453855152,2.05248677425685,2.1224106624229,3.07026409308909,2.30642086685552,2.82702235133487,2.98292694731162,2.74544921154296,2.78601321312215,3.17755006121397,2.89741567993116,2.90623872583966,2.92367586127253,3.53097742894814,2.37428034166648,2.90691657330117,2.81616757211091,3.1774742212163,2.67826919698899,2.84195839665504,2.58597735124706,3.00343128613431,2.99814538004379,2.3843251336685,2.50387259781895,2.67230999632957,3.46708752803698,3.19715052359709,3.47788885171697,3.35073124246582,2.88861815326667,3.02314931460653,2.90319528684732,2.74930685619166,2.62447146939385,2.47818403868326,3.04322457471087,2.61287628685662,3.00648891563878,3.13550631291167,3.00802926863524,2.81526051395069,2.68881130176296,2.95297884113438,2.57374676336307,2.5492616416608,3.16093978745718,2.66921745886664,3.35206605818806,2.71279864462333,2.95802479730386,2.61777596083096,2.48274431732028,2.67204922590795,2.53104108570448,2.36207189115001,3.02563097206737,2.87817149835676,3.09170437051372,2.9417218399538,2.74578676650613,3.23596279062646,2.89747230798373,2.75358642255381,2.93324926420989,2.86541988044696,3.08982193476912,3.18018633690158,2.8280164685111,3.27694600470811,2.94561514050856,2.71880275953836,2.9364990290648,3.0681917617832,2.78943073502204,2.82205767627087,2.6152099440339,3.01213353410532,3.32749890169338,3.0905375310143,2.92897171177812,3.23895543522877,2.79126871919687,2.95197896713768,2.47407201019227,2.8599577273161,2.59750261691422,3.09925068329661,2.55268162237483,3.02688401526767,3.10084967233953,3.25951995344383,2.88410612390632,3.30897410446995,2.86060882021469,3.2017092873343,2.81686837896763,3.37972505381981,2.92604081106326,2.77554518371188,2.76423589278149,3.02721396324704,2.92435704092075,2.83657044650445,3.15434671005233,2.96089500211041,2.92397956955473,2.78734408837686,3.13996949970701,2.9377741367504,3.20191526802432,2.99186655453881,3.12423935268452,2.65061347650485,3.14358867417556,2.9930344642705,3.23165033037371,2.20050520231344,2.18089680025333,2.20523736630835,3.13704211925015,2.35072025885181,2.99503640391025,2.61145114749796,2.69506149837493,2.65409674580148,3.2528078553837,2.58175202403759,2.56031013909395,2.59263342723468,2.71759209701346,2.64621155854881,2.85754002677481,2.84245854227704,2.70283117014764,3.22914867245855,2.80623826595058,3.0503100321587,2.94213246352339,2.75507080847045,2.7825658020642,3.04621372157643,2.78390829427267,3.1972865586623,2.7276630522257,3.1502053298453,2.91104412785575,3.11551873795531,3.16380013605899,2.88454796581866,2.87189130481512,2.80784669908363,2.94409699573605,3.02604435544589,2.87186166389231,3.1715682453121,3.53084268544345,2.29506481612136,3.07793269206133,2.74976695891715,3.47101202686157,2.95226773733412,3.11021735096108,2.96999408721275,2.79068741119891,2.76444283752022,3.27290333962066,2.95404713006701,3.36352788697688,3.04430563269146,3.42896026008694,2.46655011308949,2.1161621549014,2.46196213544118,2.97610486616345,2.86008795518963,2.62415575141215,2.30108164222081,2.81066681444847,2.57955384389962
"13","PWY-5651",-8.84901775911556,-8.83232070456064,-7.85393462121307,-8.24783150757559,-7.40389805577058,-7.58493708839705,-8.31432451022465,-8.22670351561206,-7.95068591369171,-8.45237425360118,-8.38530235722063,-7.7489987998598,-7.79171414468118,-7.48341199901683,-8.9576250575727,-8.08084211499313,-8.94050109254132,-8.19629662672663,-6.76537119176251,-7.33057559974338,-7.52649098162901,-6.52146940570076,-6.25639485366951,-7.96935865196694,-6.50881344703336,-6.61029033624152,-6.59891247083919,-6.86120150062001,-6.37895976882857,-6.64610358875999,-5.50915184499444,-7.03242642808877,-7.46700166894426,-6.43624231004699,-7.58742084633958,-6.95094065265334,-7.52946867425822,-7.13316544286272,-7.3771568971482,-7.55818094040079,-7.61252430185339,-7.1179610154861,-6.94932532059971,-6.74608536023997,-7.13886698374417,-7.17466772626234,-7.22856591403859,-7.51336264192513,-7.67856398276378,-7.64611051186518,-7.17329038005363,-8.45924757895966,-6.83054716613423,-4.89548977350216,-6.40454730765456,-7.41621288508675,-6.0082371031864,-6.60893120387073,-7.36105329784316,-6.79588053981613,-6.22352216705956,-7.71387554686353,-6.64989949295663,-6.17467112591052,-7.45831587229783,-7.77935173187492,-7.56305617111286,-7.44390806963933,-7.31427897270459,-6.53014033092036,-7.36425580915121,-7.26680458855048,-7.0989538321387,-7.50188516929416,-7.25435585866291,-6.85735739475831,-7.36099637931591,-7.35398421632556,-7.02199475587781,-6.45945405356503,-7.77835344146781,-6.46628612500592,-7.22369968359138,-7.87127660443465,-7.05002538973424,-7.85122087982947,-7.87223498208667,-6.45635016592887,-7.99183484784956,-7.55958683403231,-7.60072361061566,-7.06446572340151,-7.15620755173459,-6.74063497582867,-6.77434425652665,-7.67507383938263,-6.91282298257309,-7.38315102075966,-7.15790371493785,-7.60776128439364,-6.98635544955606,-5.87336444550152,-6.96970804149815,-6.92710048107323,-6.83148683175392,-6.11199220476832,-7.34257335746536,-7.42398306073847,-7.22091964197455,-7.65444847261691,-6.97327439147961,-7.89957289372621,-7.02879346920747,-6.27560882998715,-5.76741168422026,-6.84903262527671,-7.34966118446008,-6.34979207593375,-7.17880328733461,-6.88098148881241,-7.67019707099431,-6.84655902304057,-6.77024815822103,-6.67273696683704,-7.73339406244448,-6.62570618606756,-7.49377702031215,-7.2650328235101,-7.64103829140753,-7.64000012136132,-7.54053542923756,-7.44612515894258,-7.30191512462856,-6.92266859833098,-7.59374652705682,-7.22454426810622,-7.18501324340837,-7.15243110927412,-7.03791501100648,-7.39512057233372,-6.49918636006634,-7.13339682353339,-7.08169311979639,-6.10538680440099,-6.4910729120226,-5.71959475932028,-6.78789360203953,-6.02003235648628,-6.93981392167367,-6.87249410106231,-7.5042283100265,-6.70357717149205,-7.5171318944626,-7.12182247454289,-7.20627979311872,-7.24787402196931,-6.96769358400274,-7.15186346040041,-7.07579712985218,-8.29305953443798,-7.0661176787009,-8.14646501744147,-7.48265834485418,-7.37380793043955,-7.2079222786773,-6.97819444513506,-7.29830170016753,-7.5302089027107,-8.31104584898373,-7.02245651391546,-7.24160073717088,-6.8451686223841,-8.31101977735477,-7.33379198245187,-7.66446428284696,-7.46595176738359,-7.56722443184483,-7.3775007429771,-8.27922082184001,-7.08035805637546,-7.34153967697955,-6.84821793860717,-7.9121649954184,-7.43707577611568,-7.89612676648316,-7.21116150164654,-7.86299562085932,-7.25007091845122,-7.10844213415568,-6.45788670811545,-6.9178844829547,-6.76788923655419,-6.61972292696886,-6.65045905809552,-6.29997724791601,-6.77072537063968
"14","PWY-6562",-8.84901775911556,-8.83232070456064,-7.85393462121307,-8.24783150757559,-7.40389805577058,-7.58493708839705,-8.31432451022465,-8.22670351561206,-7.95068591369171,-8.45237425360118,-8.38530235722063,-7.7489987998598,-7.79171414468118,-7.48341199901683,-8.9576250575727,-8.08084211499313,-8.94050109254132,-8.19629662672663,-6.76537119176251,-7.33057559974338,-7.52649098162901,-6.52146940570076,-6.25639485366951,-7.96935865196694,-6.50881344703336,-6.61029033624152,-6.59891247083919,-6.86120150062001,-6.37895976882857,-6.64610358875999,-5.50915184499444,-7.03242642808877,-7.46700166894426,-6.43624231004699,-7.58742084633958,-6.95094065265334,-7.52946867425822,-7.13316544286272,-7.3771568971482,-7.55818094040079,-7.61252430185339,-7.1179610154861,-6.94932532059971,-6.74608536023997,-7.13886698374417,-7.17466772626234,-7.22856591403859,-7.51336264192513,-7.67856398276378,-7.64611051186518,-7.17329038005363,-8.45924757895966,-6.83054716613423,-4.89548977350216,-6.40454730765456,-7.41621288508675,-6.0082371031864,-6.60893120387073,-7.36105329784316,-6.79588053981613,-6.22352216705956,-5.27171373528254,-6.64989949295663,-6.17467112591052,-7.45831587229783,-7.77935173187492,-7.56305617111286,-7.44390806963933,-7.31427897270459,-6.53014033092036,-7.36425580915121,-7.26680458855048,-7.0989538321387,-7.50188516929416,-7.25435585866291,-6.85735739475831,-7.36099637931591,-7.35398421632556,-7.02199475587781,-6.45945405356503,-7.77835344146781,-6.46628612500592,-7.22369968359138,-7.87127660443465,-7.05002538973424,-7.85122087982947,-7.87223498208667,-6.45635016592887,-7.99183484784956,-7.55958683403231,-5.29825199306277,-7.06446572340151,-4.5915403763778,-6.74063497582867,-6.77434425652665,-7.67507383938263,-6.91282298257309,-7.38315102075966,-7.15790371493785,-7.60776128439364,-6.98635544955606,-5.87336444550152,-6.96970804149815,-6.92710048107323,-6.83148683175392,-6.11199220476832,-7.34257335746536,-7.42398306073847,-7.22091964197455,-7.65444847261691,-6.97327439147961,-7.89957289372621,-7.02879346920747,-6.27560882998715,-5.76741168422026,-6.84903262527671,-7.34966118446008,-6.34979207593375,-7.17880328733461,-6.88098148881241,-7.67019707099431,-6.84655902304057,-6.77024815822103,-6.67273696683704,-7.73339406244448,-6.62570618606756,-7.49377702031215,-7.2650328235101,-7.64103829140753,-7.64000012136132,-7.54053542923756,-7.44612515894258,-7.30191512462856,-6.92266859833098,-7.59374652705682,-7.22454426810622,-7.18501324340837,-7.15243110927412,-7.03791501100648,-7.39512057233372,-6.49918636006634,-7.13339682353339,-7.08169311979639,-6.10538680440099,-6.4910729120226,-5.71959475932028,-6.78789360203953,-6.02003235648628,-6.93981392167367,-6.87249410106231,-7.5042283100265,-6.70357717149205,-7.5171318944626,-7.12182247454289,-7.20627979311872,-7.24787402196931,-6.96769358400274,-7.15186346040041,-7.07579712985218,-8.29305953443798,-7.0661176787009,-8.14646501744147,-7.48265834485418,-7.37380793043955,-7.2079222786773,-6.97819444513506,-7.29830170016753,-7.5302089027107,-8.31104584898373,-7.02245651391546,-7.24160073717088,-6.8451686223841,-8.31101977735477,-7.33379198245187,-5.36194959532385,-7.46595176738359,-7.56722443184483,-7.3775007429771,-8.27922082184001,-7.08035805637546,-7.34153967697955,-6.84821793860717,-7.9121649954184,-7.43707577611568,-7.89612676648316,-7.21116150164654,-7.86299562085932,-7.25007091845122,-7.10844213415568,-6.45788670811545,-6.9178844829547,-6.76788923655419,-6.61972292696886,-6.65045905809552,-6.29997724791601,-6.77072537063968
"15","PWY-6629",-0.846911762284998,0.175267147667073,-2.47793465993244,-2.14264309088824,-7.40389805577058,-1.44484151676672,-1.96355911171406,-0.299110193279169,-3.26070148848338,0.405533585147181,-3.40965932050431,-1.43498952985468,-7.79171414468118,-7.48341199901683,-2.66746502898263,-2.14947747425613,0.141051685227557,-0.331571881135292,0.0162402947205296,-7.33057559974338,-0.243933334057135,-6.52146940570076,-6.25639485366951,-2.87794411131167,-6.50881344703336,-6.61029033624152,-6.59891247083919,-1.66961560712158,-6.37895976882857,-6.64610358875999,-5.50915184499444,-7.03242642808877,-7.46700166894426,-6.43624231004699,-7.58742084633958,-6.95094065265334,-7.52946867425822,-7.13316544286272,-7.3771568971482,0.177912880598878,-2.9237522920438,-7.1179610154861,-6.94932532059971,-6.74608536023997,-7.13886698374417,-7.17466772626234,-7.22856591403859,-7.51336264192513,-2.98870062860422,-7.64611051186518,-7.17329038005363,-2.8596191213757,-3.22089202647819,-4.89548977350216,-6.40454730765456,-7.41621288508675,-6.0082371031864,-6.60893120387073,-1.76752851013222,-6.79588053981613,-6.22352216705956,-3.70754249257038,-6.64989949295663,-6.17467112591052,-7.45831587229783,-3.77312606647832,-3.55675489661079,-7.44390806963933,-7.31427897270459,-6.53014033092036,-7.36425580915121,-2.42884534206185,-7.0989538321387,-7.50188516929416,-7.25435585866291,-6.85735739475831,-7.36099637931591,-7.35398421632556,-7.02199475587781,-6.45945405356503,-3.77178325720322,-6.46628612500592,-3.61356362246206,-7.87127660443465,-7.05002538973424,-7.85122087982947,-2.78067479890693,-6.45635016592887,-7.99183484784956,-7.55958683403231,-7.60072361061566,-7.06446572340151,-7.15620755173459,-6.74063497582867,-6.77434425652665,-7.67507383938263,-6.91282298257309,-7.38315102075966,-7.15790371493785,-7.60776128439364,-6.98635544955606,-5.87336444550152,-6.96970804149815,-6.92710048107323,-6.83148683175392,-6.11199220476832,-7.34257335746536,-7.42398306073847,-7.22091964197455,-7.65444847261691,-6.97327439147961,-7.89957289372621,-7.02879346920747,-6.27560882998715,-5.76741168422026,-6.84903262527671,-1.75399980959678,-6.34979207593375,-7.17880328733461,-6.88098148881241,-7.67019707099431,-6.84655902304057,-6.77024815822103,-6.67273696683704,-7.73339406244448,-6.62570618606756,-7.49377702031215,-7.2650328235101,-7.64103829140753,-7.64000012136132,-7.54053542923756,-7.44612515894258,-7.30191512462856,-6.92266859833098,0.210926513223434,-2.93648115479492,-7.18501324340837,-7.15243110927412,-7.03791501100648,-7.39512057233372,-6.49918636006634,-7.13339682353339,-7.08169311979639,-6.10538680440099,-6.4910729120226,-5.71959475932028,-6.78789360203953,-6.02003235648628,-6.93981392167367,-6.87249410106231,-7.5042283100265,-6.70357717149205,-7.5171318944626,-7.12182247454289,-7.20627979311872,-7.24787402196931,-6.96769358400274,-7.15186346040041,-7.07579712985218,-8.29305953443798,-7.0661176787009,-8.14646501744147,-7.48265834485418,-7.37380793043955,-7.2079222786773,-6.97819444513506,-7.29830170016753,-7.5302089027107,-8.31104584898373,-7.02245651391546,-7.24160073717088,-6.8451686223841,-8.31101977735477,-7.33379198245187,-7.66446428284696,-7.46595176738359,-7.56722443184483,-7.3775007429771,-3.43605364754895,-7.08035805637546,-2.1478775598015,-6.84821793860717,-4.30157889081132,-7.43707577611568,-7.89612676648316,-7.21116150164654,-7.86299562085932,-7.25007091845122,0.236928792291963,-6.45788670811545,-6.9178844829547,-6.76788923655419,-6.61972292696886,-6.65045905809552,-6.29997724791601,-6.77072537063968
"16","PWY-7094",-3.27197116761918,-4.55325386223359,-2.97344355673323,-8.24783150757559,-7.40389805577058,-7.58493708839705,-8.31432451022465,-8.22670351561206,-7.95068591369171,-8.45237425360118,-8.38530235722063,-7.7489987998598,-3.33653841245434,-2.18932069780337,-4.3784876632614,-3.02424467322643,-3.31783421888536,-4.06862607453121,-6.76537119176251,-7.33057559974338,-7.52649098162901,-6.52146940570076,-6.25639485366951,-7.96935865196694,-6.50881344703336,-6.61029033624152,-6.59891247083919,-6.86120150062001,-6.37895976882857,-6.64610358875999,-5.50915184499444,-7.03242642808877,-7.46700166894426,-6.43624231004699,-7.58742084633958,-6.95094065265334,-7.52946867425822,-7.13316544286272,-7.3771568971482,-7.55818094040079,-7.61252430185339,-7.1179610154861,-6.94932532059971,-6.74608536023997,-7.13886698374417,-7.17466772626234,-7.22856591403859,-7.51336264192513,-7.67856398276378,-7.64611051186518,-7.17329038005363,-8.45924757895966,-6.83054716613423,-4.89548977350216,-6.40454730765456,-7.41621288508675,-6.0082371031864,-6.60893120387073,-7.36105329784316,-6.79588053981613,-6.22352216705956,-7.71387554686353,-6.64989949295663,-6.17467112591052,-7.45831587229783,-7.77935173187492,-7.56305617111286,-7.44390806963933,-7.31427897270459,-6.53014033092036,-7.36425580915121,-7.26680458855048,-7.0989538321387,-7.50188516929416,-7.25435585866291,-6.85735739475831,-7.36099637931591,-7.35398421632556,-7.02199475587781,-6.45945405356503,-7.77835344146781,-6.46628612500592,-7.22369968359138,-3.86185085334356,-7.05002538973424,-7.85122087982947,-7.87223498208667,-6.45635016592887,-7.99183484784956,-7.55958683403231,-4.05987156432323,-7.06446572340151,-3.3036600902883,-6.74063497582867,-6.77434425652665,-4.5140136379146,-6.91282298257309,-2.68813369304826,-7.15790371493785,-7.60776128439364,-6.98635544955606,-5.87336444550152,-6.96970804149815,-2.91963756588258,-6.83148683175392,-6.11199220476832,-7.34257335746536,-7.42398306073847,-7.22091964197455,-2.28314997486895,-6.97327439147961,-2.97167690267867,-2.93438372725247,-6.27560882998715,-5.76741168422026,-6.84903262527671,-7.34966118446008,-6.34979207593375,-7.17880328733461,-6.88098148881241,-7.67019707099431,-6.84655902304057,-6.77024815822103,-3.42364309317233,-7.73339406244448,-2.96407323521096,-7.49377702031215,-2.81129377693852,-7.64103829140753,-7.64000012136132,-7.54053542923756,-7.44612515894258,-7.30191512462856,-6.92266859833098,-7.59374652705682,-7.22454426810622,-7.18501324340837,-7.15243110927412,-7.03791501100648,-7.39512057233372,-6.49918636006634,-7.13339682353339,-7.08169311979639,-6.10538680440099,-6.4910729120226,-5.71959475932028,-6.78789360203953,-6.02003235648628,-6.93981392167367,-6.87249410106231,-7.5042283100265,-6.70357717149205,-7.5171318944626,-7.12182247454289,-7.20627979311872,-7.24787402196931,-6.96769358400274,-7.15186346040041,-7.07579712985218,-8.29305953443798,-7.0661176787009,-8.14646501744147,-7.48265834485418,-7.37380793043955,-7.2079222786773,-6.97819444513506,-7.29830170016753,-7.5302089027107,-8.31104584898373,-7.02245651391546,-7.24160073717088,-6.8451686223841,-8.31101977735477,-7.33379198245187,-3.96792528286924,-7.46595176738359,-7.56722443184483,-7.3775007429771,-8.27922082184001,-7.08035805637546,-7.34153967697955,-6.84821793860717,-7.9121649954184,-7.43707577611568,-7.89612676648316,-7.21116150164654,-7.86299562085932,-7.25007091845122,-7.10844213415568,-6.45788670811545,-6.9178844829547,-6.76788923655419,-6.61972292696886,-6.65045905809552,-6.29997724791601,-6.77072537063968
"17","PWY-7400",2.73626089596505,2.44532528789203,2.72573264273947,2.64677201054633,3.44271676716318,2.9837644709649,2.873130772417,2.6422613063647,3.25160796220065,2.45264616247183,3.41242149471714,2.85465432134632,3.59051334338769,3.01723262477382,3.23982675322337,2.83640322551684,2.63274275971302,2.39543623897302,2.39894118811314,3.07388735835444,2.42456030394668,3.0685019307836,3.31242497801947,2.96012226524636,3.03682232926434,3.22886574396535,3.04771429579086,2.95584338472246,3.03644323586487,3.57082232447314,2.89768610001631,3.42208655512146,3.34363846517081,3.40782678512152,3.3636530660328,3.23916315353637,3.3830466341783,3.27656546715861,3.26348684728594,2.519147778493,2.90945390180803,3.38037759065044,3.56038740151642,3.27418716082272,3.57737327236435,3.47272780316292,3.80338819302191,3.53753146215318,3.34506928973147,3.27663392829087,3.45669033019806,2.99472378112456,3.12234293266564,2.7104726865262,3.45092137578008,3.24763307080817,3.3941973347151,3.09260987821235,2.8195204284866,3.11055721886193,3.32318580797954,3.08834738590655,3.54089642054735,3.11714858532356,3.51117721936706,2.88091620063643,3.09313371187104,3.17566055197284,3.36090750357482,3.04689409658492,3.35744111697479,2.48122931293762,3.21713486981991,3.21055312121366,3.20123098896267,3.12715898712966,3.39998668717197,3.29662793238015,3.26561922789457,3.10130481237112,3.31612181430889,3.48360297228289,3.25083851166667,3.53661640171198,3.32749119436933,3.57326136188528,3.1372419616489,3.23937834230829,3.4766652354937,3.61388507855549,3.29062521277313,3.54264501353253,3.16461043064713,3.20741748413913,3.44120621415874,3.16808905176712,3.4409099269986,3.26676531504097,3.53978291521526,3.54930494214389,3.43484827029176,3.25092302661502,3.43586411716742,3.12172783155273,3.23150743964927,3.22222402427748,3.49374158001386,3.52109658745446,3.40341405953442,3.80248030479568,3.33952382334927,3.6468571107389,3.56542820639663,3.64277300972788,3.28305625640991,3.59247645872542,3.1188098792176,3.80105492814692,3.32703934813965,3.27653180254904,3.18889458334884,3.36947069456263,3.39114894761039,3.13768543410699,3.57711156964708,3.11387130347346,3.33785837509084,3.30990198298276,3.35227492885691,3.5546487174667,3.72144310543873,3.44835885548793,3.71476871358328,3.36743630956354,2.49925009083718,3.00187979179248,3.33899751893905,3.4969374055549,3.08825577138674,3.33362446557375,3.20571527111773,3.39431988682853,3.29387729525696,3.25486328764362,3.51710151424291,3.31202179809737,3.66568945118703,3.22553202465811,3.66400518865816,3.35276110231001,3.22698330208932,3.27472465778353,3.42216668873131,3.15883446305918,3.42208467494444,3.40584997157405,3.28458785709579,3.14885374187517,3.43508280205896,3.34992345481802,3.26368431129915,3.25959004244737,3.58432010623847,3.185327005238,3.31233535164268,3.1493347051161,3.44632341409776,3.39695715107271,3.74514338337462,3.41703603820191,3.43298662761667,3.2451894536,3.56660802884049,3.54828724929433,3.24110887069163,3.76788140265666,3.63867373988487,3.47311195627959,3.18167833855713,3.44836661761375,2.91853302045328,3.35429862661716,3.28122481154959,3.33215459538429,3.34247724157992,3.36377269072989,3.55251264470032,3.2986453799287,2.17480248791222,3.09957149654294,3.10954242826959,3.08843361332132,3.21160794987675,3.28925549250485,2.95813712911236,3.1498533313811
"18","TRPSYN-PWY",2.56580849492135,2.66070578473542,2.95211848137996,2.90603169083254,3.26289957557451,2.83674599535165,2.62752418553225,2.64477101049581,2.89453714040595,2.62350172598357,2.93184043963574,2.7744037825691,2.82950383292603,2.58722025070437,2.52353042738098,2.53624835793759,2.54912939986268,2.25271544330646,2.32867105353049,3.25272988166283,2.28038402291474,2.84661164979582,2.90416628704441,3.01342924389195,3.03729498283495,3.3017299994572,3.16898455822437,3.26385206293451,3.09704254838542,3.79995794186538,2.73971521663196,3.42940642573749,3.30428983115866,3.5708995059795,3.24081269585332,2.95607626788235,3.14730180750293,2.98087013665769,3.12506727885438,2.26501310205988,2.72066657955633,3.12614391763153,3.0826488809821,2.80080676182604,3.31648986283697,3.23816708958363,3.59476821046411,3.25725459679489,3.23386159884495,3.04479321637336,3.12748445933817,2.84900442085033,3.23761135948175,2.88799653672444,3.19401522184436,3.18513785905938,3.14051924950253,2.94029325288312,2.75845057618405,3.12905844295336,2.59284586004503,2.72395746271883,3.15164071248557,2.77424519556222,3.2848131506727,2.65446620821226,3.07770724058884,2.89724865498143,3.06183236894163,2.71869037833393,3.04031927926911,2.33253419005026,3.08031718727809,3.01381520124379,3.10246923499379,2.87650672908951,3.12020021529079,3.15710527377583,3.34493392779358,2.8824348987953,3.04572475464922,3.48143880991083,3.365884885404,3.61640032261157,3.22698619478712,3.76509161616732,3.15854043710094,3.22975252886418,3.40699310490177,3.62119314351217,3.19286694309564,3.53675826879085,3.02352239216725,3.29064170585489,3.64280904150943,3.38252764003108,3.40629102227981,3.35304047322809,3.45941143438319,3.35887604684513,2.9716066472653,3.09976049972582,3.10823588383506,3.33459720534763,3.19225921214629,3.3349840911167,3.41379688767567,3.62105692873351,3.37955944458088,3.55825633035821,3.23574634106812,3.62156545709169,3.38163056361972,3.63001898359439,3.0926362120812,3.46515901015609,3.04208402524003,3.67982536436178,3.20906225454406,3.18611313413058,3.6027327932922,3.24278540814556,3.20588714851166,2.8864753720909,3.46501430510441,2.86225284302656,3.28040224248696,3.07627791527403,3.10992086331258,3.26648628753231,3.51309773777817,3.03966006383867,3.52602624312372,2.9067582630335,2.03357085006552,2.68132772904147,3.39017925104254,3.18131912348343,3.02379586753811,2.86255169835968,3.10963432942425,3.11770096552399,3.46163577830637,3.10599478685467,3.31244296636905,3.12699726657076,3.31486803968561,3.1283027620144,3.41908774957778,3.14881522245543,2.97630076828774,3.30938702589033,3.25379935965038,3.14389654330607,2.71557164183522,3.22344111319873,2.57371890987837,3.05890948846655,2.94038550959983,3.15456994350903,3.07166007329892,3.1307130399879,3.31688417710477,3.03163600833854,3.06550005786082,2.83746838502848,3.20659157023308,3.07479920084546,3.63286392669491,3.14745264318352,3.09211427683292,3.30452059306609,3.83089547760396,3.32262441899831,3.1297315260728,3.56359034311493,3.19816295223375,3.379004422638,3.24023458373142,3.30044274334335,2.98433269676393,3.19269875094697,3.54906454880335,3.17069503109673,3.77483411795124,3.21793561331063,3.4030284978541,2.93179100596223,2.38312027313881,2.81120830088398,3.31385885644103,3.00716048340712,2.86928437469068,2.95623624020224,2.84539210484095,2.81197680719936
