Symbol,sex,statistic_diet,p.adj_diet
1110032F04Rik,M,-1.516242178,0.163
1600014C10Rik,M,1.46514855,0.178
1700001K19Rik,M,1.485084911,0.184
1700028K03Rik,M,-1.776496462,0.107
1810030O07Rik,M,-1.422840711,0.189
2310022B05Rik,M,1.732563999,0.115
2310039H08Rik,M,1.82752674,0.101
2610005L07Rik,M,1.369168803,0.198
2610008E11Rik,M,-1.562638963,0.17
2700099C18Rik,M,-1.61818907,0.14
2810021J22Rik,M,-1.906693731,0.106
4921507P07Rik,M,-1.488481318,0.169
4930505A04Rik,M,1.406182849,0.19
4930550C14Rik,M,-1.558500522,0.165
5730507C01Rik,M,-1.491978677,0.168
6330549D23Rik,M,-1.812726152,0.102
A630001G21Rik,M,1.40292509,0.191
A630010A05Rik,M,-1.509640388,0.162
A630089N07Rik,M,-1.588633929,0.148
A930004D18Rik,M,1.779228869,0.109
A930009A15Rik,M,1.47957544,0.196
Aanat,M,1.862540123,0.105
Aar2,M,1.382716842,0.198
Aars2,M,1.47788743,0.193
Aasdh,M,1.535636404,0.18
Abca17,M,1.474095437,0.175
Abcc10,M,1.687325621,0.151
Abhd2,M,-1.418490594,0.195
Abl1,M,1.897615077,0.109
Abracl,M,-1.455939456,0.182
Acat3,M,-1.400377774,0.195
Acbd4,M,1.49279467,0.195
Acd,M,1.558037101,0.159
Ace,M,1.605870256,0.146
Ache,M,1.553136722,0.177
Aco2,M,1.573311231,0.166
Acox3,M,1.732737449,0.114
Actl10,M,-1.781996571,0.105
Actn2,M,1.493887329,0.193
Acvr1b,M,1.48756927,0.187
Adamts7,M,-1.692888935,0.123
Adcy6,M,1.584237415,0.157
Adgre5,M,-1.414113748,0.189
Adgrg1,M,1.895345833,0.112
Adipor1,M,1.45704778,0.178
Adm,M,-1.757286245,0.122
Adnp,M,1.619996781,0.148
Adnp2,M,-1.829710892,0.118
Adra1a,M,1.773732718,0.11
Adra2a,M,1.573636757,0.147
Adssl1,M,1.716730503,0.117
Aen,M,1.715269871,0.127
Afmid,M,1.422435954,0.186
Agmo,M,-1.594647998,0.142
Ago2,M,1.740227651,0.113
Agpat3,M,1.643917571,0.151
Agtr2,M,-1.464521677,0.181
Ahdc1,M,1.7053241,0.126
Ahrr,M,-1.590438981,0.152
Aig1,M,-1.573040912,0.162
Aim2,M,-1.496088835,0.175
Ak5,M,1.586175103,0.171
Ak9,M,-1.547720897,0.154
Akirin1,M,-1.624793738,0.156
Aldh1l2,M,1.494134861,0.18
Aldh3b1,M,1.540683219,0.161
Alg8,M,-1.552696511,0.152
Alox8,M,1.698903547,0.129
Amdhd2,M,1.513201853,0.186
Amh,M,1.514263345,0.179
Angptl1,M,1.536817201,0.161
Angptl7,M,-1.749102174,0.112
Ank2,M,1.404939032,0.191
Ankdd1a,M,1.520280431,0.165
Ankrd11,M,1.696043142,0.133
Ankrd24,M,1.594905205,0.165
Ankrd29,M,-1.47843652,0.191
Ano3,M,-1.596323236,0.16
Ano8,M,1.601657432,0.168
Anxa2,M,1.501186785,0.174
Anxa7,M,-1.624885734,0.149
Ap5s1,M,1.71001837,0.139
Aqp11,M,1.764738556,0.11
Arhgap1,M,1.390759509,0.196
Arhgap10,M,-1.720033692,0.116
Arhgap23,M,1.551941498,0.174
Arhgap29,M,-1.480956706,0.189
Arhgap4,M,1.480721016,0.17
Arhgap9,M,1.732616084,0.135
Arhgdig,M,1.741071678,0.119
Arhgef10l,M,1.784146917,0.133
Arhgef12,M,1.651058693,0.13
Arid3a,M,-1.727190646,0.115
Arl4d,M,1.783057204,0.106
Arpin,M,1.500171746,0.165
Ascl2,M,-1.789893122,0.106
Asl,M,1.667791371,0.127
Aspm,M,-1.761592967,0.116
Aspscr1,M,1.797492383,0.124
Ass1,M,1.40529104,0.193
Atat1,M,1.699889539,0.12
Atcay,M,1.72092111,0.125
Atf7,M,1.426093985,0.193
Atg13,M,1.890505233,0.102
Atg2a,M,1.485333854,0.179
Atg4a,M,-1.725812516,0.134
Atn1,M,1.802215189,0.113
Atosb,M,1.641723179,0.157
Atp2a3,M,-1.714963357,0.123
Atp5f1e,M,1.472501306,0.196
Atp6v0a2,M,-1.787522753,0.122
Atp6v0c,M,1.464427795,0.188
Atp6v1g1,M,1.476407924,0.175
Atp8a2,M,1.48402141,0.169
Atp8b2,M,1.384889902,0.198
Atp9a,M,1.643160095,0.151
Aurka,M,-1.41177134,0.194
Aurkaip1,M,1.829936069,0.107
Avp,M,1.451592833,0.199
Axl,M,1.445882559,0.181
Azin2,M,1.577405471,0.173
B4galnt2,M,-1.549608825,0.16
B4gat1,M,1.472739144,0.188
B9d2,M,1.732476623,0.133
BC025920,M,-1.641606521,0.142
Bahd1,M,1.825632959,0.11
Bank1,M,-1.758806079,0.109
Bbox1,M,-1.729454868,0.121
Bcar1,M,1.489531152,0.19
Bcl2l1,M,1.56506176,0.173
Bcl2l11,M,-1.51125207,0.172
Bcl2l2,M,1.491510461,0.181
Bcl7a,M,1.431161201,0.198
Bcl7c,M,1.499691704,0.168
Bco1,M,1.610663343,0.151
Begain,M,1.842799785,0.121
Bin3,M,1.754829737,0.12
Bloc1s6,M,-1.442817536,0.192
Bmp3,M,-1.447694321,0.19
Bmyc,M,1.52071714,0.172
Bop1,M,1.707082163,0.14
Bptf,M,1.785249818,0.105
Brf1,M,1.811511067,0.117
Brip1,M,-1.488183206,0.173
Brsk1,M,1.483144477,0.187
Brsk2,M,1.859953544,0.101
Btbd16,M,1.438513317,0.182
Btbd2,M,1.674068526,0.152
Btbd6,M,1.54587543,0.181
Btbd9,M,1.497156845,0.167
Bysl,M,1.645072384,0.148
Bzw2,M,-1.684705786,0.13
C030006K11Rik,M,1.835678692,0.117
C1ql1,M,1.721510735,0.144
C2,M,-1.886046868,0.1
C2cd4b,M,1.831223386,0.101
Caap1,M,-1.68537727,0.143
Cabp1,M,1.544123443,0.18
Cabp4,M,-1.49192778,0.173
Cacna1a,M,1.775998993,0.111
Cacna1f,M,1.665663853,0.127
Cacna2d1,M,-1.652065153,0.137
Cacng4,M,1.664644249,0.15
Cacng5,M,-1.441686889,0.187
Cacybp,M,-1.53038414,0.185
Cage1,M,-1.597287358,0.159
Calr3,M,-1.641495445,0.14
Camk2n2,M,1.595664292,0.17
Cant1,M,1.618932236,0.158
Capg,M,1.667748766,0.148
Capn5,M,1.925766068,0.106
Car12,M,-1.560940939,0.171
Car13,M,-1.643423753,0.135
Caskin1,M,1.678244547,0.15
Casp6,M,-1.590562602,0.143
Castor1,M,1.583313428,0.157
Cbarp,M,1.743531632,0.139
Cbx1,M,-1.880506765,0.105
Ccdc113,M,1.4416804,0.182
Ccdc117,M,-1.473240177,0.183
Ccdc125,M,-1.556337714,0.162
Ccdc134,M,-1.827907717,0.107
Ccdc142,M,1.416235235,0.199
Ccdc146,M,-1.646846803,0.138
Ccdc162,M,1.558072395,0.152
Ccdc190,M,-1.569132139,0.151
Ccdc57,M,1.50040405,0.175
Ccdc65,M,1.515948592,0.161
Ccdc85c,M,1.530648406,0.184
Ccdc88b,M,1.53931216,0.177
Ccdc9b,M,1.492814629,0.166
Ccer2,M,1.61212877,0.162
Ccn2,M,1.410309125,0.192
Ccn6,M,1.446237155,0.187
Ccng2,M,-1.597889345,0.146
Ccnyl1,M,-1.571730251,0.161
Cd248,M,1.60843535,0.141
Cd36,M,-1.499925453,0.169
Cd38,M,-1.489045025,0.195
Cd46,M,-1.49821001,0.19
Cdc40,M,-1.776437107,0.121
Cdc42bpg,M,1.593648228,0.162
Cdc42ep4,M,1.714699587,0.135
Cdh19,M,-1.840681115,0.103
Cdh24,M,1.500096534,0.19
Cdhr3,M,1.693942191,0.141
Cdip1,M,1.607406928,0.157
Cdk10,M,1.722256447,0.143
Cdk6,M,-1.442218029,0.18
Cdk9,M,1.729076241,0.137
Cdkn2aip,M,-1.679650142,0.137
Cdkn2d,M,1.561659008,0.171
Cdnf,M,1.39137153,0.195
Cenph,M,-1.469914931,0.173
Cenpk,M,1.81057994,0.119
Cenpv,M,1.442384878,0.181
Cenpw,M,-1.639879011,0.137
Cep152,M,1.529946651,0.171
Cep95,M,-1.713568597,0.138
Cercam,M,1.464599963,0.174
Ces5a,M,-1.554967911,0.156
Cfap20,M,-1.594077858,0.153
Cfap300,M,-1.77309751,0.128
Cfap410,M,1.483687511,0.176
Cfap58,M,1.808443596,0.106
Cfap73,M,1.721786895,0.133
Cfap97d2,M,1.576817612,0.15
Cfl1,M,1.497010541,0.179
Cgas,M,-1.529909801,0.175
Chadl,M,1.624487511,0.15
Chd2,M,1.462682298,0.175
Chd6,M,1.402275846,0.195
Chmp4c,M,-1.413492236,0.197
Chodl,M,-1.521600536,0.175
Chpf2,M,1.509586496,0.184
Chrm1,M,-1.5660925,0.154
Chrna4,M,1.60690082,0.146
Cilp2,M,1.741476231,0.12
Cirbp,M,1.414964972,0.188
Cited2,M,1.38201349,0.199
Clca3a2,M,-1.57086657,0.148
Cldn34c1,M,-1.743405195,0.125
Clk1,M,-1.736916125,0.129
Cln5,M,-1.600399416,0.162
Cln8,M,1.754317947,0.116
Clstn1,M,1.716730712,0.128
Clta,M,1.490667763,0.184
Cmc2,M,1.512053773,0.17
Cnga2,M,-1.704364526,0.127
Cnot9,M,-1.618585355,0.144
Cnp,M,1.55806078,0.17
Coa8,M,1.578153392,0.148
Coasy,M,1.52254779,0.161
Coil,M,1.766393433,0.112
Col16a1,M,1.800249276,0.13
Col23a1,M,1.728288105,0.115
Col27a1,M,1.585248533,0.151
Col28a1,M,1.682439536,0.142
Col6a4,M,-1.859604363,0.103
Commd6,M,-1.635560298,0.154
Copz1,M,-1.85622397,0.102
Coq10b,M,-1.448464684,0.188
Coq9,M,1.500262149,0.17
Coro1b,M,1.798828912,0.116
Coro2a,M,1.448551822,0.193
Coro2b,M,1.496293822,0.174
Coro6,M,1.472883724,0.175
Cox6b2,M,1.620669977,0.158
Cplane1,M,1.620185194,0.14
Cpsf4,M,1.860268029,0.116
Cpt1c,M,1.510991777,0.18
Creb3l1,M,1.828081402,0.122
Creb5,M,-1.739636157,0.116
Crkl,M,-1.457601975,0.196
Crtc1,M,1.615600961,0.16
Cryl1,M,-1.618368406,0.145
Cryz,M,-1.568569878,0.151
Csad,M,1.484789614,0.194
Csdc2,M,1.639348492,0.157
Csgalnact2,M,-1.69573583,0.147
Csmd2,M,1.650992882,0.133
Csrnp1,M,1.515581315,0.177
Cst3,M,1.468278005,0.181
Ctdnep1,M,1.500346145,0.174
Ctdsp1,M,1.63301274,0.149
Ctf1,M,-1.787577376,0.107
Ctnnbip1,M,1.561059278,0.151
Cttn,M,1.426778338,0.186
Ctu1,M,1.487299027,0.17
Cubn,M,1.711539082,0.119
Cul7,M,1.896901073,0.104
Cutc,M,-1.426969385,0.187
Cyb5r1,M,-1.816489012,0.102
Cyp2s1,M,1.841695075,0.105
Cyp4f17,M,1.453908509,0.178
Cyp51,M,-1.625669317,0.139
Cysrt1,M,1.606996698,0.169
Cystm1,M,-1.635342525,0.14
D17H6S53E,M,1.621691424,0.138
D430019H16Rik,M,-1.551307692,0.171
Dab1,M,-1.54312974,0.162
Dach1,M,-1.518865439,0.177
Dact3,M,1.890931663,0.112
Dapk3,M,1.503990714,0.182
Dars2,M,-1.545058832,0.165
Dcaf11,M,-1.503800582,0.165
Dclk2,M,1.746172415,0.131
Ddx17,M,1.734035781,0.127
Ddx20,M,-1.502440508,0.17
Ddx21,M,-1.567171119,0.155
Ddx39a,M,-1.735704279,0.113
Ddx56,M,1.5393122,0.159
Def8,M,1.691514672,0.145
Depdc7,M,-1.679697973,0.141
Des,M,1.69680709,0.147
Dgcr2,M,1.455941994,0.182
Dgcr8,M,-1.457448609,0.197
Dgka,M,-1.58530093,0.146
Dhps,M,1.437293567,0.19
Dhx32,M,1.390257211,0.197
Dhx8,M,-1.557885463,0.163
Diaph3,M,1.688859646,0.124
Dlg4,M,1.638360865,0.154
Dlgap2,M,1.602203314,0.151
Dlx1,M,1.569281138,0.168
Dmrtb1,M,1.403397171,0.199
Dmwd,M,1.477662851,0.197
Dnaaf10,M,-1.455625866,0.193
Dnaaf2,M,1.62892841,0.141
Dnah12,M,1.776928685,0.106
Dnah9,M,1.725730729,0.12
Dnai7,M,1.674447637,0.126
Dnajb4,M,-1.520586029,0.185
Dnajc30,M,1.589983106,0.147
Dnase1l1,M,1.729725514,0.122
Doc2a,M,1.47513888,0.185
Dock9,M,1.633974567,0.135
Dpm2,M,1.87540938,0.103
Dpp4,M,-1.715543302,0.117
Dpp9,M,1.47270708,0.186
Dpysl5,M,1.480257414,0.182
Dse,M,-1.797110275,0.106
Dsg1c,M,1.559268458,0.179
Dusp14,M,-1.727911859,0.122
Dusp22,M,-1.444031716,0.195
Dynlt1-ps1,M,1.51266859,0.179
Dzip1l,M,1.7138845,0.14
E2f6,M,-1.492904043,0.192
Echdc1,M,-1.922858157,0.104
Ect2l,M,1.398112941,0.194
Eda2r,M,-1.623840787,0.143
Eed,M,-1.475271839,0.175
Eef2,M,1.586550302,0.164
Efcab15,M,1.708544024,0.143
Efcab6,M,1.442157238,0.18
Efcc1,M,1.640604523,0.152
Efemp1,M,-1.607285778,0.14
Ehd1,M,1.729387945,0.132
Ehhadh,M,-1.684516676,0.128
Ehmt2,M,1.782962373,0.13
Ei24,M,-1.748941164,0.122
Eif4ebp1,M,1.401392568,0.194
Eif5b,M,-1.627362328,0.163
Elk1,M,1.529022947,0.161
Elk3,M,-1.465758768,0.174
Elmo2,M,1.57970339,0.145
Elmod3,M,1.563447153,0.158
Elp3,M,1.426664247,0.193
Emc1,M,1.787648377,0.111
Eme2,M,1.478386978,0.174
Eml2,M,1.663266872,0.152
Emp3,M,-1.407345189,0.19
Enho,M,1.643648779,0.156
Eno4,M,1.404459035,0.196
Entpd4,M,1.776625188,0.113
Entpd4b,M,1.715732655,0.117
Eola1,M,1.398092873,0.193
Ep400,M,1.618024605,0.137
Epg5,M,1.895598095,0.1
Epha10,M,1.75193119,0.139
Epha3,M,-1.68430314,0.137
Ephb6,M,1.66532841,0.152
Eps8l3,M,1.507064587,0.175
Ergic1,M,1.636901653,0.157
Erhrt-ps,M,-1.705766015,0.123
Eri2,M,-1.804428485,0.12
Eri3,M,1.690851962,0.142
Espnl,M,1.667412731,0.142
Etv4,M,1.901726205,0.107
Eva1a,M,1.762234449,0.118
Evi5l,M,1.664559981,0.153
Exd1,M,-1.600375244,0.142
Exosc4,M,1.647093173,0.138
Exosc8,M,-1.734573042,0.134
Eya2,M,-1.48393167,0.169
F830016B08Rik,M,-1.472160482,0.173
Fads1,M,-1.543649019,0.168
Fads3,M,1.735902421,0.113
Fads6,M,1.548739818,0.154
Faim,M,-1.633387311,0.138
Fam110a,M,1.52423693,0.159
Fam111a,M,-1.42368607,0.186
Fam133b,M,-1.850054945,0.119
Fam162a,M,-1.388337948,0.195
Fam219a,M,1.771970072,0.132
Fam221a,M,-1.546148914,0.154
Fam246a,M,1.578623343,0.147
Fam3c,M,-1.447688193,0.18
Fam43b,M,1.584223014,0.163
Fam81b,M,-1.475100416,0.174
Fam89b,M,1.449380263,0.199
Fam90a1b,M,-1.532415321,0.161
Fance,M,1.520830375,0.188
Farp1,M,1.490903403,0.174
Fasl,M,-1.920842432,0.1
Fbll1,M,1.848596584,0.104
Fbln7,M,-1.836898824,0.116
Fbxl14,M,1.539704083,0.171
Fbxl9,M,1.836131521,0.102
Fbxo10,M,-1.452392365,0.182
Fbxo27,M,1.879920614,0.108
Fbxo31,M,1.868072985,0.106
Fbxo34,M,1.436422071,0.189
Fbxo36,M,-1.555211929,0.152
Fbxw21,M,1.511003471,0.162
Fchsd1,M,-1.409469803,0.191
Fem1a,M,1.466798262,0.186
Fezf2,M,1.764535407,0.12
Fgd3,M,1.713001795,0.118
Fhod3,M,1.44770956,0.189
Fjx1,M,1.723670443,0.126
Fkrp,M,1.743141703,0.126
Flii,M,-1.543752948,0.173
Flywch1,M,1.631752147,0.158
Fndc10,M,1.51199155,0.178
Fndc8,M,-1.758975228,0.118
Foxc1,M,-1.748412031,0.113
Frmpd1,M,1.412406012,0.198
Fscn1,M,1.55570744,0.173
Fst,M,-1.755501445,0.131
Ftsj3,M,1.47038242,0.182
Fyb,M,-1.860733078,0.104
Fyn,M,1.42630702,0.189
Fzd6,M,-1.822014772,0.107
Gabpb1,M,-1.539803927,0.18
Gal3st3,M,1.44826068,0.197
Gale,M,1.506498774,0.173
Galnt17,M,1.49507115,0.169
Gart,M,-1.480708445,0.183
Gbp3,M,-1.721070116,0.119
Gchfr,M,1.407688423,0.197
Gdpd2,M,-1.437066272,0.19
Get4,M,1.475375206,0.191
Gfra4,M,1.606027786,0.157
Gga1,M,1.652623707,0.158
Ggt7,M,1.695445514,0.144
Gid8,M,-1.407104176,0.193
Gins4,M,1.805207358,0.103
Glcci1,M,1.403071301,0.192
Gldn,M,-1.641598692,0.155
Glod4,M,-1.595662973,0.151
Glp1r,M,-1.698519071,0.121
Glra1,M,1.687668455,0.123
Glt1d1,M,1.478595106,0.172
Gm10163,M,-1.564836805,0.175
Gm1043,M,1.725616176,0.116
Gm10557,M,1.687592372,0.143
Gm11578,M,1.778977265,0.135
Gm12161,M,1.648434095,0.16
Gm12397,M,1.960400092,0.106
Gm13002,M,1.717705825,0.121
Gm13547,M,-1.609712823,0.156
Gm14412,M,-1.497394427,0.172
Gm14443,M,1.614547638,0.153
Gm15443,M,-1.559994068,0.152
Gm15500,M,-1.561107111,0.15
Gm15542,M,1.708900822,0.122
Gm16374,M,1.726875675,0.124
Gm17131,M,-1.381211705,0.197
Gm17660,M,1.591537658,0.15
Gm18284,M,-1.772859053,0.111
Gm27029,M,-1.467032304,0.182
Gm28557,M,-1.661933771,0.132
Gm3055,M,-1.647732108,0.135
Gm3239,M,-1.455813689,0.194
Gm3248,M,-1.756262782,0.121
Gm35315,M,-1.494429392,0.168
Gm3636,M,-1.643665962,0.141
Gm3667,M,-1.459733003,0.184
Gm37515,M,-1.65111603,0.139
Gm3854,M,-1.416903135,0.197
Gm38699,M,-1.454121545,0.188
Gm3883,M,-1.912174074,0.108
Gm42420,M,-1.541371074,0.156
Gm42517,M,1.701923271,0.142
Gm42785,M,-1.453704337,0.178
Gm43941,M,-1.503581886,0.165
Gm44126,M,1.552871169,0.159
Gm44984,M,-1.5801274,0.155
Gm4739,M,-1.699378628,0.121
Gm47632,M,-1.764926074,0.113
Gm48128,M,-1.423700992,0.185
Gm48132,M,-1.658618343,0.151
Gm48260,M,-1.38145889,0.199
Gm48416,M,-1.528440041,0.174
Gm48418,M,-1.379145386,0.199
Gm48552,M,1.841297532,0.113
Gm49037,M,1.489236793,0.195
Gm4924,M,-1.569271362,0.16
Gm49858,M,-1.444655858,0.179
Gm49863,M,1.475898866,0.186
Gm5320,M,1.702336785,0.129
Gm54215,M,1.871728512,0.118
Gm56127,M,1.690404175,0.122
Gm9726,M,1.519785266,0.189
Gm9794,M,1.532085319,0.183
Gm9894,M,-1.506033274,0.165
Gng11,M,-1.730962086,0.115
Gng7,M,-1.823460732,0.118
Gnl1,M,1.478401315,0.197
Gnl3,M,-1.508229285,0.175
Gnpnat1,M,-1.572953339,0.163
Gon7,M,-1.565554757,0.157
Gorasp1,M,1.512084879,0.185
Gp5,M,1.535855004,0.16
Gpaa1,M,1.772653295,0.122
Gpr149,M,-1.655704909,0.147
Gpr153,M,1.461251342,0.187
Gpr182,M,-1.750409198,0.112
Gpr3,M,1.577827497,0.147
Gpr62,M,1.446485676,0.188
Gpr68,M,1.791687196,0.104
Gpr83,M,-1.571938693,0.162
Gpr84,M,-1.554148777,0.152
Gprin1,M,1.691973584,0.138
Gramd4,M,-1.433544283,0.189
Grik5,M,1.500332724,0.191
Grin1,M,1.64445553,0.156
Grin2d,M,1.544572151,0.171
Grin3b,M,1.730677433,0.122
Grtp1,M,-1.421097475,0.19
Gstk1,M,-1.709320782,0.119
Gstp1,M,1.663875887,0.128
Gstp2,M,-1.595308395,0.142
Gstt3,M,-1.40156541,0.194
Gtf3c6,M,-1.428276044,0.195
Gtpbp3,M,1.695882917,0.133
Gucy1a2,M,1.607146626,0.142
Guk1,M,1.385210614,0.196
Gvin1,M,-1.710106503,0.148
Gyg,M,-1.7177357,0.144
H1f3,M,-1.486721779,0.179
H2-K1,M,-1.681600549,0.127
H2-M3,M,-1.451221109,0.184
H2-Ob,M,1.548204031,0.153
H2-Q6,M,-1.778381083,0.119
H2-Q7,M,-1.574656707,0.149
H2-T24,M,1.628411254,0.139
H2bc21,M,-1.761363484,0.109
H4c9,M,1.403079112,0.197
Hadha,M,1.459000398,0.189
Hapln4,M,1.763231999,0.124
Haus4,M,1.478876686,0.176
Hdac2,M,-1.889143625,0.114
Helz,M,1.688531448,0.129
Hemk1,M,1.532955588,0.177
Herc1,M,1.596628488,0.155
Herc2,M,1.783630746,0.109
Hes1,M,-1.600728628,0.141
Hif1an,M,-1.454227584,0.177
Hilpda,M,-1.733910235,0.115
Hint2,M,1.526052157,0.166
Hlx,M,1.616861529,0.15
Hmgcs1,M,-1.666754712,0.145
Hmmr,M,-1.452278985,0.179
Hnf1b,M,1.390775586,0.196
Hnrnpc,M,-1.795154082,0.12
Hnrnph1,M,-1.508927584,0.187
Homez,M,-1.567656723,0.15
Hps1,M,1.730552199,0.129
Hpse2,M,1.422010237,0.19
Hs3st3b1,M,-1.720473498,0.121
Hsd17b7,M,-1.545242609,0.17
Hsf3,M,-1.732487121,0.118
Hsp90aa1,M,-1.597352673,0.168
Hsp90b1,M,-1.726151202,0.131
Hspa8,M,-1.52379062,0.181
Hspbap1,M,-1.501509164,0.164
Htr1d,M,-1.656728366,0.134
Htra2,M,1.637288168,0.16
Icam2,M,1.515705765,0.171
Icmt,M,1.687356326,0.125
Ifitm3,M,-1.807174656,0.123
Ift22,M,1.569984351,0.165
Ift70b,M,-1.802771146,0.113
Igfbp7,M,1.878955397,0.1
Igsf21,M,1.626393314,0.149
Igsf9b,M,1.650437451,0.143
Iho1,M,-1.619008739,0.16
Iigp1,M,-1.633547184,0.134
Il10ra,M,-1.450654585,0.178
Il11,M,-1.883367847,0.103
Il17d,M,1.618033255,0.146
Il1r1,M,1.89799044,0.103
Il1r2,M,-1.684659669,0.134
Il36g,M,-1.732652426,0.116
Ilvbl,M,1.655166559,0.148
Inafm1,M,1.635137938,0.152
Inca1,M,1.497486813,0.192
Inha,M,1.591885745,0.168
Inka1,M,-1.712906854,0.123
Inpp1,M,-1.451688844,0.187
Inppl1,M,1.633835898,0.14
Insl3,M,1.563804811,0.16
Insm1,M,1.753359776,0.129
Ints1,M,1.450932095,0.192
Ipo9,M,1.908757891,0.106
Iqce,M,1.429508133,0.193
Iqsec1,M,1.451429435,0.178
Iqsec2,M,1.618319745,0.157
Irak4,M,-1.443110598,0.188
Irf1,M,-1.504234699,0.192
Irgm2,M,-1.691281504,0.122
Irx1,M,1.581503215,0.167
Irx2,M,1.516754181,0.168
Itgal,M,1.733346023,0.12
Itgb2,M,-1.71718232,0.119
Itgb3bp,M,-1.643862721,0.142
Itgb7,M,1.491415341,0.167
Itih2,M,-1.526015276,0.169
Itpkb,M,1.562952901,0.172
Jade3,M,-1.485749557,0.18
Jakmip3,M,-1.768587314,0.124
Jtb,M,-1.461885125,0.177
Jund,M,1.508573105,0.189
Kash5,M,1.653741112,0.147
Kbtbd11,M,1.480033446,0.17
Kcna2,M,1.433253912,0.183
Kcnab2,M,1.557500125,0.169
Kcnb1,M,1.773596313,0.107
Kcnc1,M,1.813693067,0.101
Kcnh4,M,-1.524685793,0.17
Kcnj9,M,1.602710204,0.164
Kcnk6,M,1.491211866,0.167
Kcnq4,M,1.855419249,0.108
Kdr,M,-1.620487157,0.151
Kif16b,M,-1.59230507,0.157
Kif19a,M,1.523861876,0.16
Kif1b,M,1.654234914,0.138
Kif1c,M,1.762775889,0.123
Kif20a,M,-1.79923458,0.117
Kifbp,M,1.580213585,0.154
Kin,M,-1.600347613,0.146
Klc4,M,1.639732868,0.154
Klf10,M,-1.487763159,0.168
Klf4,M,1.448308596,0.186
Klf5,M,-1.647595412,0.138
Klf7,M,-1.553483515,0.172
Klrg2,M,1.66428176,0.152
Kmt2a,M,1.695561051,0.124
Kndc1,M,1.663708784,0.133
Knop1,M,-1.442212312,0.185
Kremen1,M,1.502104757,0.177
Krt1,M,1.651748079,0.152
Krt9,M,-1.607819823,0.152
Kxd1,M,1.833989033,0.112
Lad1,M,-1.57098898,0.149
Lamp5,M,-1.799639927,0.109
Laptm5,M,1.438096061,0.189
Lca5,M,-1.621389412,0.141
Ldb2,M,-1.663809653,0.146
Ldb3,M,-1.519380967,0.177
Lemd2,M,1.595296342,0.164
Letmd1,M,-1.587846965,0.144
Lgi3,M,1.443074608,0.185
Liat1,M,1.725136369,0.139
Lif,M,-1.83961644,0.1
Limd1,M,1.841878132,0.106
Limd2,M,1.599963883,0.16
Limk1,M,1.578625784,0.173
Lingo1,M,1.728970508,0.127
Llgl1,M,1.436861173,0.182
Lmf2,M,1.573475862,0.169
Lor,M,1.644020186,0.159
Lrfn3,M,1.638233807,0.154
Lrif1,M,-1.635356655,0.16
Lrp1,M,1.387787448,0.195
Lrrc2,M,-1.48679572,0.184
Lrrc4,M,1.544365145,0.159
Lrrc41,M,1.504581421,0.179
Lrrc61,M,1.60957834,0.151
Lrrn2,M,1.57302197,0.154
Lrrn4cl,M,-1.449063225,0.197
Ltbp3,M,1.562438614,0.162
Ltbp4,M,1.706011623,0.145
Lxn,M,1.45653067,0.178
Lyz2,M,-1.492300546,0.175
Lzic,M,1.884694923,0.113
Mad1l1,M,1.684663362,0.128
Mad2l1,M,-1.476080867,0.182
Maged1,M,1.437354203,0.195
Maged2,M,1.401923746,0.192
Mak,M,-1.643158148,0.132
Manbal,M,1.497914629,0.188
Map1s,M,1.775326408,0.133
Map3k1,M,-1.471489811,0.184
Map6,M,1.497865292,0.191
Map6d1,M,-1.721056042,0.121
Mapk15,M,1.591485353,0.169
Mapk1ip1,M,-1.764520391,0.108
Mapkapk3,M,-1.838108218,0.106
Marchf2,M,1.416584199,0.191
Mast1,M,1.525040515,0.167
Mast4,M,1.788999952,0.108
Matk,M,1.711323495,0.131
Mboat4,M,-1.739622433,0.116
Mcrip1,M,1.475837625,0.188
Mdh2,M,1.411456925,0.196
Med21,M,-1.787728569,0.121
Med25,M,1.602505732,0.169
Med26,M,1.536646957,0.169
Med27,M,1.53166979,0.157
Mef2c,M,-1.86877804,0.107
Mettl18,M,-1.633609435,0.149
Mex3a,M,-1.422052369,0.187
Mfsd1,M,-1.408851007,0.197
Mfsd12,M,1.599305012,0.168
Mfsd4b5,M,1.460140717,0.185
Mfsd5,M,1.58759302,0.16
Mgat5b,M,1.662287718,0.141
Mid1,M,1.553134692,0.158
Mindy1,M,-1.718024517,0.119
Mindy4b-ps,M,-1.777224686,0.109
Mitd1,M,-1.835068481,0.1
Mkrn1,M,-1.400251843,0.193
Mks1,M,1.541944724,0.169
Mlycd,M,1.612735636,0.138
Mns1,M,-1.72007514,0.136
Mob2,M,1.471299266,0.189
Mobp,M,1.394961768,0.195
Morn1,M,1.509719152,0.169
Mospd3,M,1.75880883,0.134
Mpg,M,1.52541154,0.166
Mphosph10,M,-1.493396236,0.168
Mpp3,M,1.599804989,0.143
Mpv17,M,-1.433819211,0.197
Mpzl3,M,-1.574374754,0.153
Mrm2,M,1.674273254,0.126
Mrnip,M,1.759347264,0.125
Mrpl11,M,1.664601367,0.127
Mrpl43,M,1.516531955,0.161
Mrpl52,M,1.427208484,0.185
Mrpl54,M,1.730989648,0.137
Mrps18b,M,1.616092037,0.137
Ms4a6b,M,-1.458698709,0.182
Msra,M,1.898354818,0.101
Mt1,M,1.699834556,0.135
Mterf1b,M,-1.418683753,0.189
Mtfr2,M,-1.452304645,0.185
Mthfd2,M,-1.625721737,0.154
Mtss2,M,1.869274082,0.108
Mtx1,M,1.550384071,0.176
Mxra8,M,1.39947339,0.192
Myh1,M,1.548345887,0.16
Myh6,M,1.744753953,0.114
Myl4,M,1.695159635,0.133
Myl6b,M,1.501647794,0.171
Mylk4,M,-1.56160709,0.166
Myo1h,M,1.717708113,0.13
Myo5c,M,-1.810385487,0.104
Myo7a,M,1.432732947,0.187
Myorg,M,1.536882904,0.161
Myrf,M,1.440940957,0.186
Mzt2,M,1.431744135,0.198
Naa20,M,-1.561811866,0.153
Nacc1,M,1.556481891,0.178
Naif1,M,1.416060361,0.199
Nanp,M,-1.514165911,0.175
Nat2,M,-1.576227634,0.157
Nat8l,M,1.82108889,0.123
Ncbp1,M,-1.647339953,0.154
Ncbp2as2,M,1.590361894,0.148
Ncf4,M,-1.529201935,0.159
Nckap5l,M,1.547427333,0.177
Nckipsd,M,1.912110973,0.111
Ncmap,M,-1.493608694,0.172
Ncs1,M,1.51699088,0.183
Ndufa11,M,1.672036713,0.13
Ndufa4l2,M,1.766784843,0.113
Ndufb3,M,1.595804067,0.142
Ndufv3,M,1.495901442,0.191
Nek11,M,1.642977414,0.133
Nek5,M,1.630181601,0.147
Nelfb,M,1.583982534,0.15
Nell1,M,1.627984037,0.136
Neurl1a,M,1.609898944,0.163
Neurod1,M,-1.589152999,0.144
Nfatc2,M,1.820020026,0.101
Nfe2l3,M,-1.787303268,0.11
Nfkbil1,M,1.783078926,0.123
Nfkbiz,M,-1.583894202,0.15
Nfs1,M,-1.493300173,0.169
Nherf1,M,1.438046133,0.196
Nipsnap1,M,1.495580113,0.166
Nisch,M,1.760451904,0.116
Nkapl,M,-1.54388588,0.154
Nkiras1,M,-1.614121242,0.154
Nlrp6,M,1.400174513,0.193
Nmbr,M,-1.690299264,0.125
Nmral1,M,1.648312133,0.132
Nod2,M,-1.629943339,0.139
Nodal,M,-1.473094419,0.182
Nol3,M,1.566367354,0.16
Nova2,M,1.708463866,0.123
Npepl1,M,1.4553806,0.182
Npepps,M,-1.41952174,0.195
Nphp4,M,1.593611184,0.158
Npr2,M,1.750507999,0.114
Npsr1,M,-1.597171713,0.141
Nr2c2ap,M,1.64903909,0.143
Nr3c2,M,-1.694740072,0.139
Nr4a3,M,-1.743089224,0.117
Nrap,M,1.511981111,0.171
Nrbf2,M,-1.626675513,0.136
Nrip2,M,1.460238829,0.199
Nrn1,M,1.724650924,0.138
Nrsn2,M,1.84451723,0.12
Nrxn2,M,1.613625182,0.163
Nsdhl,M,-1.591160767,0.148
Nsl1,M,-1.706616979,0.119
Nsmce3,M,1.462152782,0.175
Ntsr2,M,1.528208817,0.161
Nudcd3,M,1.621113444,0.141
Nudt7,M,-1.826795383,0.114
Nup160,M,-1.688118698,0.14
Nup210,M,1.470313504,0.172
Nynrin,M,1.443128918,0.19
Obi1,M,-1.599918054,0.146
Odad4,M,-1.762772117,0.117
Odc1,M,-1.601957808,0.15
Odf2,M,1.670659135,0.136
Odf3l2,M,1.480097768,0.193
Ogdh,M,1.878228925,0.104
Ogn,M,-1.611415804,0.152
Onecut1,M,1.755386157,0.111
Opn3,M,1.503910693,0.169
Oprm1,M,1.499930708,0.165
Or10h28,M,-1.754036698,0.11
Or1e21,M,-1.512316659,0.165
Or1e35,M,-1.617877468,0.14
Or1j13,M,-1.808612211,0.123
Or2d36,M,-1.600986539,0.156
Or2y1,M,-1.438791524,0.183
Or4a74,M,-1.7993807,0.105
Or4c116,M,-1.686185669,0.123
Or4c11c,M,-1.620739271,0.14
Or4f56,M,-1.592235682,0.142
Or51a42,M,-1.820136401,0.112
Or51e1,M,-1.6626368,0.134
Or51q1,M,-1.441779333,0.181
Or52d13,M,-1.410305999,0.191
Or5a21,M,-1.551985844,0.163
Or5p81,M,-1.738368408,0.127
Or7e168,M,1.628840186,0.15
Or7g28,M,-1.458330901,0.176
Or8b39,M,-1.492326157,0.18
Or8b40,M,-1.683325602,0.123
Osbpl10,M,1.434430667,0.196
Osbpl7,M,1.784217794,0.121
Oscar,M,1.767176421,0.115
Osgepl1,M,-1.758414605,0.115
Ost4,M,1.460740016,0.179
Ostf1,M,1.571572126,0.147
Otub2,M,-1.645865257,0.131
Otud5,M,1.706316724,0.14
Otulinl,M,-1.647091143,0.134
Oxa1l,M,1.561803254,0.164
Oxtr,M,-1.39901768,0.192
Pabpc1l,M,-1.616787199,0.143
Pacs1,M,1.522194497,0.173
Palb2,M,-1.685665722,0.132
Paqr3,M,1.8248788,0.109
Paqr6,M,1.483169374,0.188
Paqr9,M,-1.526202344,0.168
Parm1,M,-1.481375279,0.187
Parp6,M,-1.45064801,0.191
Parpbp,M,-1.626971264,0.138
Parvb,M,1.473424864,0.173
Pbx2,M,1.730915454,0.124
Pcbd2,M,1.520591605,0.167
Pcbp1,M,1.886505109,0.109
Pcdhga7,M,1.485286406,0.169
Pcdhgb4,M,1.474284444,0.173
Pced1a,M,1.443826148,0.195
Pck2,M,1.701873006,0.134
Pcnx2,M,1.85953401,0.114
Pcsk1n,M,1.609279105,0.166
Pcyt1a,M,-1.438601442,0.182
Pdcd2,M,1.427548574,0.19
Pdcd7,M,1.391744033,0.195
Pdgfd,M,-1.665494004,0.134
Pdia3,M,-1.510410236,0.175
Pdk2,M,1.416287004,0.195
Pdlim1,M,-1.728427626,0.131
Pdzd11,M,1.453948313,0.192
Pef1,M,1.576939565,0.169
Pex10,M,1.509541026,0.165
Pfkfb3,M,-1.582091235,0.156
Pfkp,M,1.695096012,0.122
Pgam1-ps2,M,1.712686955,0.147
Pglyrp1,M,1.490998778,0.181
Pgp,M,1.566377249,0.172
Pgs1,M,1.64094384,0.149
Phactr3,M,1.715319483,0.128
Phf11d,M,-1.551045741,0.162
Phf5a,M,-1.719372016,0.126
Phlda3,M,1.868189648,0.114
Pigs,M,1.854245017,0.117
Pigt,M,1.617327161,0.164
Pigv,M,-1.584312511,0.151
Pim1,M,1.474746542,0.192
Pink1,M,1.604513474,0.161
Pkdcc,M,1.763719098,0.131
Pkdrej,M,1.530231307,0.177
Pla2g6,M,1.428178435,0.184
Plbd2,M,1.562855575,0.176
Plekha2,M,-1.642342114,0.139
Plekha4,M,1.448915835,0.198
Plekhf1,M,1.834404388,0.11
Plekhf2,M,-1.482723069,0.184
Plekhh2,M,-1.636943792,0.143
Plekhm2,M,1.461207985,0.195
Plgrkt,M,-1.603462394,0.15
Plppr1,M,-1.578009677,0.149
Plxna2,M,1.63426577,0.149
Pnkd,M,1.648911237,0.157
Pnldc1,M,-1.421588635,0.188
Pnma3,M,1.606415392,0.152
Pnpla1,M,1.538094355,0.161
Poc1a,M,1.757519649,0.132
Podn,M,-1.548851035,0.181
Polg2,M,-1.399638008,0.192
Polr2f,M,1.462149051,0.198
Polr3d,M,1.786651586,0.121
Polr3e,M,1.843975348,0.102
Polr3g,M,-1.44308276,0.18
Pomgnt1,M,1.824614121,0.1
Pomgnt2,M,1.651992899,0.149
Popdc2,M,-1.653890497,0.135
Ppara,M,1.463293106,0.182
Ppef2,M,-1.45323208,0.185
Ppfia4,M,1.864916809,0.118
Pphln1-ps1,M,-1.516432848,0.17
Ppic,M,-1.755426948,0.11
Ppp2r5a,M,-1.407742508,0.195
Ppp5c,M,1.666977152,0.141
Ppwd1,M,-1.729848133,0.123
Prdm11,M,1.636227254,0.135
Prdm8,M,1.546902933,0.156
Prim1,M,-1.411423543,0.195
Prkab1,M,1.867758121,0.107
Prkaca,M,1.551409224,0.153
Prmt9,M,-1.582554049,0.165
Prok2,M,-1.510655626,0.163
Prokr1,M,1.686357708,0.127
Prpf19,M,1.557275303,0.169
Prr12,M,1.800037432,0.113
Prr18,M,1.567181146,0.15
Prr19,M,1.577537035,0.167
Prr35,M,1.456310702,0.177
Prr36,M,1.479090417,0.178
Prrc2a,M,1.614042159,0.157
Prxl2a,M,1.436191071,0.188
Psd2,M,1.412126203,0.189
Psg25,M,-1.770852703,0.107
Psmg1,M,-1.561956741,0.154
Psmg4,M,1.503875869,0.165
Pstpip1,M,-1.768674011,0.11
Ptcd1,M,1.546622022,0.153
Ptgdr,M,-1.414783029,0.194
Ptges3l,M,1.673335724,0.14
Ptov1,M,1.807457109,0.116
Ptprb,M,1.437346055,0.193
Ptprc,M,-1.812009866,0.115
Ptprf,M,1.51868766,0.175
Ptprn,M,1.512744396,0.18
Ptprn2,M,1.67763737,0.131
Qsox1,M,1.642344758,0.137
Qtrt2,M,-1.532240336,0.172
Rab11fip5,M,1.709217403,0.143
Rab24,M,1.622468255,0.14
Rab33a,M,1.517957232,0.161
Rab3a,M,1.445070874,0.181
Rabl2,M,-1.88107699,0.102
Rad50,M,-1.434100956,0.192
Rad51ap2,M,1.807581107,0.124
Rad54l2,M,1.74449937,0.112
Radil,M,1.632748771,0.15
Rapgef3,M,1.465151476,0.183
Rasa3,M,1.684692565,0.13
Rasal3,M,-1.543946655,0.154
Rasd1,M,1.646071912,0.133
Rasgef1a,M,-1.484683759,0.183
Rasgrp3,M,-1.827284758,0.112
Raver1,M,1.630944822,0.144
Rbfox2,M,1.551208852,0.155
Rbks,M,-1.600469403,0.146
Rbm28,M,-1.739887963,0.115
Rbm48,M,-1.502179411,0.175
Rbmx2,M,1.661100305,0.136
Rcc2,M,1.422612706,0.197
Rec8,M,-1.737930507,0.118
Rere,M,1.45913845,0.176
Retreg2,M,1.501542959,0.192
Rfc4,M,-1.764874545,0.118
Rhbdd3,M,1.468453908,0.194
Rhbdl1,M,1.651811726,0.155
Rhoh,M,-1.466932055,0.182
Rhpn2,M,1.842160692,0.102
Rimkla,M,-1.50266941,0.179
Rin2,M,1.485287861,0.181
Ripk2,M,-1.63593273,0.141
Rnasek,M,1.784984883,0.127
Rnf113a1,M,1.596445113,0.143
Rnf138rt1,M,1.474386381,0.172
Rnf17,M,-1.438082455,0.189
Rnf214,M,1.782284986,0.117
Rnpepl1,M,1.557620131,0.166
Rpap3,M,1.797474275,0.103
Rprd2,M,-1.612836125,0.145
Rps28,M,1.516474051,0.179
Rps4l,M,-1.460021685,0.176
Rps6-ps4,M,-1.661896292,0.138
Rps6ka1,M,1.545426832,0.162
Rps6ka2,M,-1.629034869,0.143
Rps6kb2,M,1.54993965,0.168
Rpusd3,M,1.631739134,0.151
Rrh,M,1.427717388,0.186
Rrp1,M,1.417629818,0.19
Rrp12,M,1.420696867,0.187
Rskr,M,1.568442168,0.15
Rsph4a,M,-1.728657426,0.117
Rtkn,M,1.525695732,0.184
Rtkn2,M,1.663822648,0.132
Rtl1,M,1.626502614,0.142
Rtl8b,M,1.76287503,0.134
Rtn1,M,1.598125891,0.154
Rtn4r,M,1.830036418,0.121
Rtp1,M,1.687791143,0.126
Sae1,M,-1.428571408,0.188
Sall1,M,-1.621755053,0.138
Samd1,M,1.478529226,0.181
Samd14,M,1.531235542,0.183
Samd9l,M,-1.559846916,0.158
Sardh,M,1.448862913,0.192
Sars2,M,1.490748655,0.179
Sc5d,M,-1.467104471,0.193
Scaf1,M,1.46732952,0.195
Scamp4,M,1.476494302,0.193
Scamp5,M,1.51725377,0.186
Scd1,M,-1.517109514,0.165
Scgn,M,1.542277632,0.154
Scrib,M,1.839322864,0.123
Scrn3,M,-1.37445085,0.199
Scube1,M,1.461919816,0.184
Sdc4,M,1.686112676,0.147
Sdk1,M,1.716438836,0.141
Sdsl,M,1.393537487,0.196
Sec14l2,M,1.7351731,0.115
Secisbp2,M,1.522846129,0.162
Selenoo,M,1.547468625,0.153
Sema6b,M,1.471090591,0.196
Semp2l1,M,-1.63840862,0.14
Senp1,M,-1.732842895,0.125
Senp3,M,-1.706999301,0.124
Senp8,M,-1.594519634,0.165
Septin4,M,1.726961791,0.117
Serp2,M,1.66331596,0.131
Serpinb6a,M,-1.642910235,0.151
Serpinf1,M,1.821096947,0.119
Sertm1,M,-1.452675513,0.177
Sesn2,M,1.497083564,0.186
Sf3a3,M,-1.557625745,0.173
Sf3b5,M,1.626432631,0.143
Sfrp2,M,1.496683433,0.174
Sfrp4,M,-1.385719678,0.196
Sgk1,M,1.589627874,0.148
Sgsm3,M,1.683599426,0.139
Sh3bgrl3,M,1.528345161,0.174
Sh3bp4,M,1.423303149,0.191
Shmt1,M,-1.703928123,0.124
Shroom1,M,1.806217381,0.101
Shroom4,M,1.812633834,0.115
Sipa1l3,M,1.449031557,0.195
Sirt2,M,1.818144815,0.11
Sirt4,M,-1.512720483,0.172
Ska3,M,-1.398454861,0.192
Slbp,M,-1.768936899,0.108
Slc12a5,M,1.79331913,0.117
Slc13a1,M,-1.559370302,0.15
Slc16a10,M,-1.541751413,0.155
Slc16a13,M,1.387876558,0.196
Slc16a9,M,-1.648569235,0.137
Slc17a8,M,-1.640047528,0.136
Slc20a2,M,1.524970904,0.159
Slc22a19,M,-1.494209523,0.17
Slc25a10,M,1.62999613,0.147
Slc25a14,M,-1.644364945,0.148
Slc25a22,M,1.503617486,0.186
Slc25a26,M,1.530104398,0.159
Slc25a37,M,-1.444677108,0.18
Slc25a4,M,1.574654766,0.169
Slc25a51,M,-1.576272148,0.161
Slc25a53,M,-1.407127211,0.19
Slc2a1,M,1.909158226,0.105
Slc2a8,M,1.822087717,0.122
Slc37a2,M,-1.452239145,0.178
Slc38a8,M,1.655736789,0.149
Slc39a9,M,-1.608541931,0.161
Slc40a1,M,-1.510809451,0.164
Slc41a3,M,1.76593584,0.109
Slc43a3,M,-1.678617343,0.127
Slc45a1,M,1.639747304,0.156
Slc49a4,M,1.67566742,0.15
Slc5a6,M,1.630760254,0.137
Slc6a7,M,1.616070321,0.158
Slc8a2,M,1.708088491,0.147
Slco2b1,M,1.702780196,0.121
Slco5a1,M,-1.492762405,0.178
Smad1,M,-1.821363375,0.115
Smad7,M,1.428301952,0.198
Smarcd1,M,1.599025911,0.167
Smarcd2,M,1.533893706,0.162
Smg8,M,-1.47715794,0.174
Smim1,M,1.78192258,0.107
Smim10l2a,M,1.787158345,0.122
Smim12,M,1.683848908,0.145
Smim19,M,1.73727995,0.129
Smim3,M,1.554503245,0.152
Smo,M,1.594221575,0.146
Smpd2,M,1.456938461,0.191
Smpdl3a,M,-1.927249465,0.105
Smpdl3b,M,-1.53314399,0.156
Smyd1,M,-1.455821964,0.18
Snapin,M,-1.490348109,0.168
Sncb,M,1.518577603,0.188
Snrnp35,M,1.636273046,0.142
Snx22,M,1.79251309,0.122
Sobp,M,1.696081871,0.121
Socs1,M,1.531923189,0.175
Socs7,M,1.651025186,0.132
Sorl1,M,1.614951911,0.139
Sowahc,M,-1.437361067,0.198
Sp7,M,1.77580609,0.11
Spaca6,M,1.823129573,0.115
Spacdr,M,1.65988012,0.156
Sparcl1,M,1.665241028,0.149
Spata4,M,-1.743205269,0.119
Spata9,M,-1.492869112,0.172
Spen,M,1.483095409,0.171
Spg7,M,1.669548555,0.127
Spidr,M,-1.789026238,0.104
Spr,M,1.808052924,0.125
Sptan1,M,1.608370215,0.144
Spty2d1,M,-1.602564009,0.151
Spx,M,-1.414673071,0.197
Sqle,M,-1.52785324,0.161
Srarp,M,1.927928236,0.1
Srcin1,M,1.690737363,0.138
Srm,M,1.857598746,0.103
Srp54b,M,-1.501005907,0.186
Srrd,M,1.597129068,0.167
Srsf3,M,-1.945148524,0.101
Ss18l2,M,1.765014079,0.109
Ssrp1,M,-1.598349319,0.141
Sstr2,M,1.68063791,0.139
Stag3,M,-1.467135891,0.173
Stambpl1,M,-1.517488009,0.177
Stard6,M,-1.66632282,0.134
Stim1,M,1.562331467,0.164
Strip1,M,1.692408338,0.141
Strip2,M,-1.93573367,0.104
Stxbp1,M,1.693235738,0.127
Suds3,M,1.411508397,0.196
Sufu,M,1.84229231,0.106
Sugp1,M,1.907830329,0.105
Sumf2,M,1.451758322,0.18
Sun1,M,1.506039981,0.181
Susd3,M,1.434334835,0.183
Swap70,M,-1.528627924,0.158
Syn1,M,1.561724951,0.15
Syn3,M,1.603343263,0.143
Syne1,M,1.766685458,0.118
Syngr2,M,1.762361974,0.113
Synpr,M,-1.563386609,0.174
Sys1,M,1.428558765,0.184
Tac1,M,-1.485832098,0.178
Tafazzin,M,1.894360507,0.108
Tango2,M,1.427858965,0.186
Tbata,M,-1.765205874,0.121
Tbc1d30,M,-1.611755411,0.162
Tbr1,M,1.612258699,0.142
Tbx15,M,-1.580838294,0.146
Tbx19,M,1.61573362,0.138
Tbx5,M,1.491392757,0.169
Tcam1,M,-1.467760686,0.178
Tceal1,M,-1.514298845,0.169
Tceal8,M,-1.689088665,0.144
Tcf25,M,1.816747191,0.103
Tcf7,M,-1.60492139,0.14
Tchh,M,1.641704531,0.145
Tcof1,M,1.538336367,0.172
Tdg,M,-1.47740812,0.175
Tdrp,M,-1.680095518,0.124
Tecpr2,M,1.559497183,0.154
Tecrl,M,1.537867034,0.155
Tekt5,M,1.655692143,0.132
Tesk1,M,1.621945675,0.16
Tex264,M,1.495007722,0.185
Tfpi,M,-1.882615675,0.102
Tgfb3,M,-1.712561811,0.119
Th,M,1.750484765,0.12
Thap2,M,-1.483355689,0.192
Thap3,M,1.46781758,0.195
Tiam2,M,-1.818663148,0.103
Tigar,M,-1.632623617,0.134
Tinagl1,M,1.466310096,0.184
Tln2,M,1.822561062,0.102
Tlnrd1,M,1.449003827,0.19
Tm6sf2,M,-1.48937198,0.193
Tmc4,M,-1.451565431,0.18
Tmed1,M,1.60119028,0.151
Tmem119,M,1.829497871,0.105
Tmem145,M,1.710437174,0.137
Tmem178b,M,1.57887734,0.145
Tmem19,M,-1.557567367,0.169
Tmem192,M,1.465199328,0.177
Tmem198,M,1.632226681,0.161
Tmem200c,M,1.801731408,0.112
Tmem201,M,1.558056744,0.173
Tmem237,M,-1.521918355,0.174
Tmem242,M,1.413806969,0.199
Tmem266,M,1.897741832,0.103
Tmem63b,M,1.626345838,0.16
Tmem94,M,1.519785021,0.182
Tnfaip8l3,M,-1.530832601,0.166
Tnfrsf10b,M,-1.443206321,0.194
Tnfrsf25,M,-1.602916221,0.14
Tnip1,M,1.40188079,0.198
Tnmd,M,1.568645487,0.151
Tnnc1,M,1.524476357,0.159
Tnr,M,1.619054469,0.137
Tnxb,M,-1.411509175,0.189
Tom1,M,1.680329818,0.132
Tomm34,M,-1.487188124,0.174
Topors,M,-1.648490616,0.131
Tor1b,M,-1.859779578,0.113
Tox2,M,1.523849313,0.169
Tpi1,M,1.484709987,0.181
Tpk1,M,1.814221814,0.109
Tpm4,M,-1.49675971,0.176
Tpra1,M,1.529229021,0.183
Traf2,M,1.856745845,0.11
Traf3ip1,M,1.748509916,0.116
Trak1,M,1.431093992,0.194
Trappc1,M,1.579962076,0.146
Trib1,M,1.715607174,0.125
Trim13,M,-1.405044664,0.193
Trim25,M,-1.480348222,0.17
Trim8,M,1.687639118,0.149
Trip10,M,1.798136664,0.119
Trp53i13,M,1.924464317,0.106
Trp53inp2,M,1.440204343,0.19
Trp63,M,-1.741953909,0.115
Trpa1,M,-1.393303209,0.194
Trpt1,M,1.402172534,0.192
Tspan31,M,-1.456639808,0.177
Tspan4,M,1.495881483,0.183
Tspan9,M,1.568670593,0.15
Tssk4,M,-1.438327261,0.183
Ttpa,M,-1.765967801,0.133
Ttyh3,M,1.744000304,0.138
Tuba1b,M,1.423016671,0.187
Tuba8,M,1.493254725,0.173
Tubb2a,M,1.425397747,0.195
Tubb4a,M,1.533498847,0.164
Txndc5,M,1.495369527,0.167
Txndc9,M,-1.815181574,0.115
Txnrd2,M,1.688827361,0.123
Uba5,M,-1.593955575,0.165
Ubald2,M,1.702442624,0.121
Ube2a,M,-1.598186435,0.156
Ube2n-ps1,M,-1.744279395,0.114
Ube2r2,M,1.731983881,0.114
Ube2v1,M,1.937213947,0.107
Ubl7,M,1.726466057,0.133
Ubtd1,M,1.701533384,0.142
Ubxn4,M,-1.614276592,0.166
Uchl5,M,1.643981321,0.14
Ucp2,M,1.573662095,0.147
Ufsp1,M,1.632588483,0.134
Umodl1,M,1.904685521,0.102
Unc5a,M,1.607789848,0.161
Unc5c,M,-1.406168473,0.194
Upb1,M,-1.789622572,0.104
Urb2,M,-1.615511309,0.145
Usf1,M,1.882616763,0.108
Ushbp1,M,1.749888382,0.118
Usp20,M,1.605865734,0.157
Usp39,M,-1.544613349,0.156
Utp11,M,-1.809769388,0.104
Utp14b,M,-1.823049322,0.101
Uts2r,M,-1.643519515,0.135
Vamp2,M,1.634187619,0.159
Vasn,M,1.540042189,0.162
Vav2,M,1.775105983,0.115
Vegfa,M,1.741017005,0.113
Vegfb,M,1.934773353,0.101
Vegfc,M,1.858218463,0.101
Vgf,M,1.685141889,0.143
Vgll3,M,-1.727917359,0.126
Vmac,M,1.537202332,0.156
Vmn1r13,M,-1.661465906,0.131
Vmn1r18,M,-1.456039816,0.185
Vmn1r198,M,1.402842358,0.192
Vmn1r227,M,-1.667207564,0.129
Vmn1r50,M,-1.563988049,0.15
Vmn1r68,M,-1.522244455,0.163
Vmn1r88,M,-1.720538131,0.133
Vmn2r120,M,-1.828706674,0.101
Vmn2r3,M,-1.417838232,0.187
Vmn2r53,M,-1.564903603,0.155
Vmn2r76,M,-1.478014059,0.17
Vmn2r79,M,-1.427820555,0.184
Vmn2r85,M,-1.406273038,0.192
Vps16,M,1.489076596,0.168
Vps28,M,1.811962084,0.104
Vps36,M,-1.729696532,0.124
Vps37d,M,1.519744181,0.185
Vps9d1,M,1.599873814,0.165
Vstm2b,M,1.564552601,0.166
Vstm4,M,1.418485387,0.193
Vwf,M,1.680265756,0.125
Wdfy3,M,1.532523192,0.156
Wdr18,M,1.776596445,0.119
Wdr25,M,1.645959594,0.146
Wdr3,M,-1.533379264,0.173
Wdr54,M,1.733958475,0.12
Wdr62,M,1.683878535,0.138
Wdr81,M,1.457672436,0.178
Wdr90,M,1.635902813,0.139
Wfikkn2,M,1.37793898,0.198
Whrn,M,1.520704247,0.175
Wiz,M,1.679555185,0.148
Wnt4,M,-1.484148952,0.172
Wtip,M,1.500877221,0.185
Xpo1,M,-1.631400803,0.136
Xrcc6,M,1.619371783,0.147
Xylb,M,-1.759191112,0.109
Ypel2,M,-1.476162065,0.175
Zbed5,M,-1.452821063,0.184
Zbed6,M,1.901653443,0.102
Zbtb45,M,1.484960971,0.183
Zbtb5,M,-1.500086892,0.182
Zc3h11a,M,-1.536266733,0.164
Zc3h3,M,1.792999271,0.114
Zc3h8,M,-1.749441635,0.116
Zc3hav1l,M,-1.585922364,0.161
Zcchc4,M,-1.783481297,0.119
Zdhhc8,M,1.50203571,0.189
Zer1,M,1.691842241,0.147
Zfand3,M,1.461750256,0.184
Zfp11,M,-1.739977264,0.117
Zfp110,M,-1.693433337,0.147
Zfp112,M,1.523276523,0.159
Zfp119b,M,-1.487786116,0.175
Zfp120,M,-1.627334936,0.158
Zfp13,M,1.674323042,0.149
Zfp141,M,-1.480392168,0.197
Zfp157,M,-1.51544169,0.183
Zfp189,M,-1.770463756,0.113
Zfp27,M,-1.66703716,0.149
Zfp322a,M,-1.545883886,0.177
Zfp36l1,M,-1.622253037,0.152
Zfp395,M,1.775787548,0.126
Zfp398,M,-1.597718917,0.163
Zfp433,M,-1.418159788,0.187
Zfp458,M,-1.516062029,0.177
Zfp467,M,1.617316457,0.163
Zfp473,M,-1.552571457,0.153
Zfp551,M,-1.471740216,0.172
Zfp575,M,1.616646883,0.149
Zfp593,M,1.472469531,0.173
Zfp628,M,1.791492943,0.123
Zfp647,M,-1.718367665,0.126
Zfp655,M,-1.606675905,0.164
Zfp729b,M,-1.645479685,0.134
Zfp758,M,-1.64342805,0.142
Zfp763,M,-1.549867776,0.18
Zfp773,M,-1.468121002,0.177
Zfp784,M,1.571701312,0.153
Zfp791,M,1.405653525,0.19
Zfp84,M,-1.511425265,0.167
Zfp853,M,1.732170053,0.133
Zfp869,M,-1.744653694,0.124
Zfp870,M,1.558458416,0.152
Zfp930,M,-1.729000182,0.13
Zfp933,M,-1.621753954,0.15
Zfp943,M,-1.694877507,0.146
Zfp948,M,-1.446178315,0.18
Zfp949,M,-1.514122534,0.181
Zfp97,M,-1.591718445,0.156
Zfp975,M,-1.395858818,0.193
Zfp976,M,-1.482230624,0.176
Zfta,M,1.82916244,0.112
Zfx,M,-1.582899724,0.167
Zkscan16,M,1.502813427,0.164
Zmat5,M,1.512413111,0.185
Zmym3,M,-1.581458206,0.15
Znrd2,M,1.649058154,0.145
Zscan21,M,-1.758655543,0.112
Zscan22,M,-1.702234788,0.121
Zw10,M,-1.470876388,0.195
mt-Atp8,M,-1.455709493,0.198
mt-Co2,M,1.866542692,0.104
mt-Nd1,M,1.622599441,0.156
1110038F14Rik,M,2.015370724,0.092
1600012H06Rik,M,-2.070978949,0.066
1700008O03Rik,M,1.992282186,0.074
1700028J19Rik,M,-2.060131318,0.075
3110009E18Rik,M,-2.145000651,0.058
4930522L14Rik,M,-1.960432464,0.088
4931406C07Rik,M,2.011054834,0.082
9130401M01Rik,M,2.013153249,0.086
Aarsd1,M,2.009889483,0.083
Abhd12,M,2.19833233,0.055
Abl2,M,1.948391553,0.082
Abtb2,M,1.969668022,0.078
Acaca,M,2.120892985,0.071
Acbd6,M,2.177157136,0.054
Ace2,M,2.173804943,0.071
Acvr2b,M,2.177374245,0.062
Adam5,M,-1.974179568,0.09
Adamts15,M,2.158158077,0.069
Adck5,M,1.916086905,0.096
Adcy10,M,1.868154097,0.093
Adgb,M,1.975114184,0.079
Adora2b,M,1.951178554,0.083
Adprh,M,2.280223568,0.054
Ajm1,M,2.009482133,0.099
Aldh1a2,M,-2.353354858,0.05
Alx4,M,-1.841786202,0.097
Ank3,M,2.27501709,0.053
Ankrd55,M,2.195553477,0.063
Ankrd63,M,-1.983595369,0.099
Anxa4,M,-2.096405316,0.077
Ap4m1,M,-2.116857918,0.071
Apol8,M,-2.095933527,0.064
Arhgap25,M,2.128083518,0.06
Arhgap35,M,-1.926590791,0.095
Arhgap45,M,1.858045998,0.093
Arhgef4,M,1.94430361,0.09
Arl16,M,2.101535103,0.062
Armcx2,M,2.268764857,0.055
Arrdc2,M,2.220186275,0.051
Atp8b3,M,-2.113861947,0.066
Atxn7l2,M,2.076113356,0.086
Axin1,M,1.935562505,0.083
B230303A05Rik,M,2.04413125,0.071
Bcas1,M,1.925665655,0.084
Bcl6b,M,-2.050432319,0.071
Bfsp2,M,-1.996821736,0.074
Bmp1,M,1.876334,0.099
Bmp8b,M,-1.906270491,0.097
Bora,M,-1.868798821,0.098
Cabin1,M,2.020635989,0.081
Cacna1s,M,1.907474009,0.093
Calb2,M,2.069206035,0.075
Card6,M,-2.158752761,0.067
Carm1,M,2.210379012,0.052
Casp8,M,-2.192882774,0.054
Ccdc15,M,-2.130258303,0.069
Ccdc158,M,-1.941746514,0.081
Ccdc177,M,1.940698178,0.092
Ccdc43,M,-2.052692186,0.088
Ccnb2,M,-2.12474518,0.061
Ccnl2,M,-2.189427627,0.078
Cd160,M,-1.994324001,0.097
Cd300a,M,2.023932482,0.077
Cd302,M,-1.880993651,0.09
Cd82,M,1.894296614,0.088
Cdh1,M,-2.12725934,0.067
Cenpq,M,-1.839276595,0.097
Cep76,M,-2.089913569,0.075
Cfap157,M,2.117249856,0.084
Cfap99,M,2.40659691,0.055
Chst2,M,2.337788858,0.054
Clcn7,M,1.967952823,0.084
Clec18a,M,2.015396702,0.072
Clic6,M,-1.994731299,0.08
Clip2,M,2.035274668,0.09
Clip3,M,1.930183597,0.093
Clns1a,M,-2.087097691,0.063
Cnppd1,M,2.27429892,0.06
Cnpy1,M,1.913521868,0.093
Cntnap5c,M,2.146710854,0.06
Cntrob,M,2.101663003,0.062
Colgalt1,M,2.175362483,0.055
Coq7,M,1.903444603,0.095
Cox15,M,-1.881607708,0.096
Creb3l4,M,1.904078676,0.086
Crtc3,M,2.137865649,0.064
Cstpp1,M,1.95132812,0.08
Ctf2,M,-2.035519101,0.07
Ctrl,M,2.11880847,0.068
Cyb5a,M,-1.853250996,0.097
Cyba,M,2.334717374,0.054
Dbt,M,-2.036222926,0.088
Dcp1a,M,-1.954201231,0.088
Dctn5,M,2.170725695,0.056
Dera,M,2.302290486,0.05
Dgki,M,1.916886487,0.084
Dhx30,M,-1.836303884,0.096
Dhx37,M,2.052745065,0.076
Diablo,M,-1.83176018,0.097
Dipk1b,M,2.086694719,0.086
Dlx2,M,2.000026913,0.085
Dnah10,M,2.075977983,0.07
Dnajc17,M,1.921246897,0.088
Dnajc4,M,2.391389947,0.053
Dnm1,M,1.952809828,0.079
Dpysl2,M,-1.896602096,0.097
Drd1,M,-2.105420195,0.072
Dst,M,1.856225867,0.095
Dtd2,M,1.911198766,0.09
Dynlrb2,M,1.99027965,0.075
Dysf,M,2.211727329,0.052
Dytn,M,-2.145307415,0.06
Ece2,M,2.138444884,0.073
Egfem1,M,-2.242935854,0.063
En1,M,1.945512464,0.089
Ephx1,M,2.029327424,0.07
Ephx3,M,-2.300616675,0.05
Ephx4,M,-1.955136449,0.088
Eps15l1,M,2.105600906,0.062
Erg28,M,-2.029085206,0.076
Ermap,M,1.967160844,0.078
Esam,M,-1.974547866,0.079
Esco2,M,-1.984707872,0.095
Exosc1,M,2.140953778,0.067
Fam43a,M,2.009438141,0.073
Fam47e,M,-2.042872811,0.071
Fancf,M,-1.919840391,0.086
Fancg,M,1.938716963,0.093
Fbrsl1,M,2.045434545,0.09
Fcgrt,M,1.976269452,0.095
Fdft1,M,-1.881124257,0.093
Fgfr3,M,2.021679959,0.078
Fgl2,M,-1.947418327,0.097
Fhip1a,M,-1.892133896,0.088
Fibin,M,-2.022592163,0.077
Fkbp7,M,-2.089692967,0.063
Flvcr2,M,2.214628941,0.06
Foxa2,M,1.898777043,0.09
Foxred1,M,1.893415382,0.095
Frmpd3,M,2.141368162,0.07
Frrs1,M,-2.002357877,0.08
Fry,M,1.999488889,0.074
Fth1,M,2.26926754,0.065
Fxyd7,M,2.214679052,0.074
Fzd2,M,2.238397124,0.067
G6pc3,M,2.293048406,0.052
Gaa,M,2.01485447,0.089
Gab3,M,-1.851839987,0.097
Gadd45g,M,2.05050996,0.078
Gapdhs,M,2.01729476,0.088
Garem2,M,1.918232429,0.091
Garnl3,M,2.024568667,0.081
Gas2l3,M,-2.142270395,0.074
Gbp2,M,-1.824222748,0.098
Gen1,M,-2.060506406,0.067
Gfpt2,M,-1.915470184,0.092
Glis2,M,2.160117697,0.076
Glyctk,M,-1.87751882,0.092
Gm10288,M,-2.173686865,0.081
Gm1141,M,-1.909870743,0.087
Gm14403,M,-2.028736633,0.071
Gm14411,M,-2.204759389,0.055
Gm14496,M,1.907611015,0.086
Gm14735,M,-1.879186846,0.095
Gm19001,M,1.853986686,0.094
Gm20458,M,-1.856478597,0.094
Gm28551,M,-1.914001068,0.092
Gm4247,M,-1.884163589,0.09
Gm42857,M,-1.900339341,0.087
Gm4294,M,-2.218551444,0.077
Gm42957,M,-1.931501726,0.096
Gm45871,M,-2.303032076,0.055
Gm46223,M,2.276017385,0.05
Gm47056,M,-1.997561954,0.082
Gm47611,M,-2.064440024,0.08
Gm48082,M,-1.938370001,0.083
Gm49027,M,2.243055233,0.074
Gm49327,M,2.098702406,0.07
Gm49405,M,-2.056936588,0.089
Gm49601,M,2.230350332,0.051
Gm50464,M,-2.215794278,0.056
Gm5093,M,-1.921374327,0.086
Gm5831,M,-2.189221996,0.063
Gm5844,M,-2.04791549,0.074
Gm6988,M,-2.000436091,0.08
Gm7599,M,-2.066724479,0.088
Gmfg,M,2.094019291,0.063
Gmpr2,M,-1.966330857,0.086
Gnas,M,2.41460462,0.052
Gper1,M,-1.992987813,0.088
Gpr160,M,-2.151681864,0.077
Gpr173,M,1.990446375,0.075
Gpr25,M,2.098179946,0.078
Gpr45,M,2.052300499,0.07
Grhl2,M,-2.24644919,0.055
H2-K2,M,-1.994904271,0.081
H2ax,M,2.15586503,0.076
H2bc27,M,1.873783302,0.092
H4c16,M,1.976544065,0.077
Havcr2,M,2.266526671,0.052
Hbq1a,M,1.965419263,0.082
Hey2,M,-2.156064321,0.058
Hipk4,M,2.201151439,0.072
Hmgxb3,M,2.056582607,0.069
Hnrnpa0,M,2.143469274,0.07
Hoatz,M,-2.029058542,0.079
Hoxc4,M,-2.214793554,0.053
Hrct1,M,-1.957592113,0.082
Hspg2,M,1.929863583,0.083
Idi1,M,-1.965392255,0.089
Ifi204,M,-2.320593435,0.058
Igtp,M,-2.05995094,0.066
Il17ra,M,-2.144181493,0.058
Imp4,M,-2.078601297,0.064
Ints13,M,-2.077056105,0.083
Ip6k2,M,2.046161634,0.077
Irf9,M,-1.856133856,0.093
Ism2,M,-2.205840278,0.06
Itfg2,M,2.215276787,0.074
Itgb1bp2,M,2.004983942,0.097
Jakmip1,M,1.865028454,0.097
Kcnc4,M,1.895047978,0.094
Kcnh6,M,2.36702174,0.06
Kcnj2,M,-1.920821796,0.085
Kcp,M,2.200921607,0.075
Kif2c,M,-2.09313568,0.065
Klhdc9,M,1.932730393,0.089
Klhl34,M,2.124674449,0.068
Klhl41,M,1.963056206,0.078
Krcc1,M,-1.838032767,0.096
Krt4,M,2.222735073,0.052
Krt80,M,2.428442558,0.051
L3hypdh,M,-1.82966046,0.099
Layn,M,-1.861595744,0.099
Lcor,M,2.454052432,0.05
Lenep,M,2.040686207,0.096
Leng8,M,2.159685263,0.075
Lfng,M,2.296955374,0.062
Lnx1,M,1.864712694,0.096
Lrig1,M,2.072628284,0.066
Lrsam1,M,1.903700069,0.089
Ltk,M,2.189637566,0.058
Lvrn,M,-1.90370358,0.093
Maea,M,1.986812498,0.094
Mag,M,1.911998807,0.095
Maob,M,-1.931357526,0.084
Map3k7cl,M,-1.88436565,0.089
Mbp,M,2.110059839,0.065
Mcee,M,1.846414427,0.096
Med8,M,-1.850685614,0.094
Med9,M,1.874253631,0.095
Meox1,M,-2.123186029,0.064
Mief1,M,-2.167781051,0.055
Mkks,M,-2.227568115,0.065
Mmp14,M,1.901082035,0.09
Moap1,M,1.962383611,0.081
Mocos,M,-1.984264577,0.077
Mocs3,M,2.232312332,0.057
Mpeg1,M,-1.850714386,0.097
Mpi,M,1.851018658,0.095
Mroh5,M,-2.005355012,0.079
Mrps34,M,2.054929455,0.079
Msh5,M,1.913015648,0.089
Mtmr14,M,2.282648979,0.054
Myh8,M,2.208995316,0.067
Myo18b,M,2.175011477,0.057
Myo1e,M,-2.088790357,0.065
Myof,M,1.895704293,0.092
Myom1,M,2.20641696,0.056
Myom2,M,-2.132827039,0.063
Naa80,M,2.088480833,0.081
Napa,M,2.018930265,0.072
Ncf2,M,-2.149081954,0.057
Ncor2,M,1.967060761,0.08
Ndc80,M,-2.387155051,0.051
Ndp,M,-2.022371955,0.085
Nectin1,M,2.362803562,0.05
Neil1,M,1.997474104,0.085
Nes,M,-2.240956441,0.051
Neurl2,M,2.130616511,0.074
Nipa2,M,-2.054539141,0.081
Nomo1,M,2.073163956,0.076
Npff,M,2.301895438,0.051
Npnt,M,-1.910441923,0.088
Nppa,M,2.035700111,0.071
Nradd,M,2.23005835,0.054
Nsun4,M,-1.977942555,0.089
Nt5dc1,M,-2.167797577,0.055
Nt5dc2,M,2.090237834,0.084
Ntn1,M,2.306099759,0.053
Nudt6,M,2.027579628,0.071
Nup62,M,2.208632905,0.057
Nutf2,M,2.141984788,0.065
Nxf1,M,-2.028052114,0.072
Nxph3,M,2.153972288,0.075
Oaf,M,2.230320824,0.061
Ogg1,M,2.151505863,0.069
Olig1,M,2.109481096,0.079
Olig2,M,1.85317702,0.098
Oma1,M,-1.915241595,0.089
Or4d5,M,1.873487594,0.099
Or4f15,M,1.920150896,0.091
Or5o1,M,2.209243228,0.067
Or6c1,M,1.981712021,0.085
Or6c213,M,-2.090850484,0.063
Or7a36,M,2.29963,0.052
Osmr,M,-1.960502736,0.094
Osr1,M,-1.853427318,0.096
P2rx7,M,-2.005167347,0.079
Pabpc1l2b,M,1.957157707,0.082
Pacrg,M,2.065352433,0.068
Pacsin2,M,-2.034316066,0.072
Palld,M,-2.262598784,0.053
Pank4,M,2.020112114,0.071
Patz1,M,2.138528089,0.06
Pcdha10,M,2.009760941,0.095
Pcdha3,M,2.111158746,0.082
Pcdhb10,M,2.140240828,0.061
Pcdhb13,M,-2.057595787,0.073
Pcdhb17,M,-1.843640977,0.098
Pcif1,M,2.279389071,0.058
Pcnx3,M,2.175075568,0.072
Pdgfrl,M,-2.245245615,0.056
Pdlim4,M,2.059319087,0.074
Pemt,M,1.914769824,0.091
Pex11b,M,1.968064913,0.078
Pex5,M,1.992882152,0.095
Pgbd5,M,2.091779427,0.077
Phka2,M,2.299945915,0.053
Pigz,M,1.854471652,0.097
Pim3,M,2.485437627,0.05
Pinx1,M,-2.07007954,0.07
Pitpnm3,M,1.949432017,0.096
Pkib,M,-1.934227952,0.094
Pld2,M,2.035015754,0.076
Plekhn1,M,1.94788379,0.086
Plpp2,M,1.87332913,0.092
Pnma5,M,2.041102324,0.072
Pnoc,M,2.214465685,0.07
Pnpo,M,2.049255303,0.073
Podxl,M,-2.040627807,0.069
Polr1h,M,-1.892381983,0.099
Pomt2,M,1.876892855,0.093
Ppard,M,1.971881657,0.096
Ppp1r3g,M,1.986834392,0.083
Ppt2,M,2.138599666,0.077
Prl8a1,M,-1.85554263,0.096
Prrc2c,M,2.170996322,0.056
Psen2,M,2.039079515,0.087
Ptafr,M,-2.018716691,0.074
Pth1r,M,1.920400618,0.089
Ptpn22,M,-2.144313852,0.06
Ptprh,M,1.937637386,0.088
Ptpru,M,2.177343829,0.069
Rab27a,M,-2.12193681,0.07
Rab39,M,-2.201228311,0.055
Rac2,M,1.991862482,0.076
Rad51,M,-2.062079112,0.068
Ramacl,M,-2.030497855,0.075
Rarres1,M,-2.191231531,0.067
Rbm15b,M,2.037342721,0.095
Rexo5,M,-1.844565861,0.096
Rhog,M,2.00176522,0.074
Rilpl2,M,-2.087459552,0.07
Rmi2,M,-2.271179918,0.056
Rnf123,M,2.031159075,0.086
Rnf208,M,2.393008326,0.054
Rnf26,M,1.893055517,0.092
Rps12-ps3,M,2.015472128,0.083
Sall3,M,1.833855468,0.097
Samd12,M,-2.042656834,0.071
Sbf1,M,2.109224917,0.086
Sbk3,M,2.072217747,0.069
Scamp2,M,2.105565946,0.065
Scn5a,M,1.886836883,0.099
Sde2,M,-2.060612684,0.077
Sdhc,M,1.826534984,0.098
Sec22b,M,-2.268693035,0.064
Sec61a1,M,-2.234269141,0.052
Selenov,M,2.105104616,0.067
Sema3f,M,2.056279966,0.074
Sema4b,M,1.943615186,0.081
Sema4d,M,1.921812854,0.09
Serpinb1b,M,-2.134085374,0.077
Serping1,M,-2.080118993,0.07
Sfi1,M,1.909389609,0.089
Sgcg,M,2.132142843,0.068
Shc2,M,2.258470858,0.07
Shc3,M,2.014011536,0.075
Shcbp1l,M,2.082891523,0.069
Shd,M,1.93225303,0.099
Siglec1,M,-1.943196892,0.086
Siglece,M,-2.109761181,0.068
Ska2,M,-2.218881257,0.059
Skp2,M,-2.245054043,0.068
Slc13a3,M,-1.982704241,0.078
Slc16a8,M,2.091423927,0.072
Slc20a1,M,-2.062948249,0.08
Slc22a13b,M,1.857772657,0.093
Slc31a2,M,1.937326235,0.084
Slc35f6,M,1.829911053,0.097
Slc37a1,M,2.185170991,0.075
Slc45a2,M,2.122690504,0.06
Slc7a5,M,2.269227493,0.051
Slc8a3,M,2.026251893,0.076
Smim33,M,1.987562363,0.075
Smim40,M,2.233314564,0.072
Smim43,M,1.887451559,0.091
Smyd4,M,2.064782701,0.09
Sned1,M,-2.331656384,0.06
Spg11,M,2.180814225,0.054
Spo11,M,-2.16018567,0.059
Sptbn5,M,1.852381946,0.099
Sptssb,M,-2.205000264,0.058
Srebf1,M,2.290696501,0.06
Srpx2,M,2.325315889,0.05
Srrm2,M,1.902122194,0.087
Sstr4,M,2.17801688,0.055
St14,M,-1.847561182,0.095
Stim2,M,-1.947898925,0.099
Stoml1,M,1.981130726,0.082
Swsap1,M,2.022744226,0.073
Syt13,M,1.866623719,0.098
Tal2,M,-1.853776415,0.097
Tap1,M,-1.876435427,0.092
Tbc1d2b,M,2.05505235,0.075
Tcea3,M,-2.25998805,0.066
Tcp11l1,M,2.08217591,0.064
Tead3,M,2.330510382,0.056
Tenm4,M,2.242471087,0.062
Tgds,M,-1.837014207,0.096
Tlcd2,M,1.982248801,0.077
Tmbim6,M,2.209438741,0.052
Tmc6,M,1.854336681,0.094
Tmem150c,M,2.176179952,0.062
Tmem234,M,-2.091641394,0.063
Tmem241,M,-1.868169726,0.091
Tmem30c,M,-1.996951649,0.084
Tmem35a,M,-1.999185971,0.082
Tmem43,M,1.889442727,0.088
Tmem69,M,2.348634669,0.062
Tnfrsf12a,M,2.05583387,0.067
Tnfrsf1b,M,-2.157189494,0.059
Tnrc6c,M,2.209573786,0.057
Tor4a,M,-2.131110011,0.064
Tpcn1,M,1.957973222,0.079
Tpd52l2,M,-2.043554557,0.078
Tpst1,M,-1.943269719,0.093
Tpst2,M,1.930553676,0.092
Traf3ip2,M,2.10740402,0.061
Trappc5,M,2.218296589,0.052
Trarg1,M,-1.886106172,0.094
Trbc2,M,-2.331785496,0.055
Trim29,M,1.902841738,0.087
Trim36,M,-2.205407248,0.053
Trim59,M,-2.042320346,0.08
Trmt44,M,-1.952996385,0.083
Trpc6,M,-2.374597128,0.06
Trpv1,M,2.236587648,0.058
Tsks,M,-2.164269945,0.065
Tspan15,M,-2.08426812,0.064
Ttc12,M,-1.936547718,0.091
Ttc23,M,1.985337746,0.086
Ttf1,M,-1.895607491,0.087
Tti2,M,-2.231984173,0.064
Ttll8,M,1.892607877,0.088
Txnl4a,M,-2.0089695,0.09
Tymp,M,1.840818344,0.097
Umps,M,-1.898235139,0.09
Uqcrc1,M,1.953890655,0.083
Usp21,M,2.052145648,0.083
Usp50,M,-1.983526064,0.077
Vamp1,M,2.089841535,0.072
Vash1,M,2.086552301,0.076
Vdr,M,2.148775166,0.062
Vit,M,2.176850826,0.068
Vmn2r113,M,2.163607973,0.065
Vsig10l,M,2.06111693,0.066
Wdr20rt,M,-2.103739123,0.074
Wdr53,M,2.097024798,0.082
Wdr55,M,1.925636991,0.084
Wdr91,M,1.927453766,0.083
Wif1,M,-1.877679462,0.093
Wnt7b,M,2.036050247,0.07
Zbed4,M,-2.115684832,0.064
Zbtb44,M,-2.036399386,0.085
Zfhx2,M,1.935640463,0.091
Zfp131,M,-2.073434007,0.085
Zfp384,M,1.995865135,0.087
Zfp449,M,-1.865717184,0.093
Zfp51,M,-2.460353031,0.053
Zfp560,M,-1.877096832,0.093
Zfp658,M,-2.281186445,0.058
Zfp72,M,-2.134659222,0.075
Zfp78,M,-2.213057938,0.059
Zfp809,M,-2.247402624,0.051
Zfp879,M,-1.899714421,0.087
Zfp994,M,-2.088033644,0.084
Zkscan3,M,-1.991859878,0.08
Zmym1,M,-2.125188331,0.078
Znrf1,M,2.144652153,0.058
Zscan29,M,-2.119573897,0.067
Zzef1,M,1.905225594,0.086
1110002E22Rik,M,-3.116166128,0.011
3300002I08Rik,M,-4.066409545,0.003
4930523C07Rik,M,-2.713400153,0.034
A530064D06Rik,M,-3.3665423,0.008
AI429214,M,-2.290653446,0.045
Abca13,M,3.825937786,0.009
Abcc1,M,2.566347571,0.03
Abhd5,M,-2.294005059,0.048
Acaa1b,M,-3.044453177,0.013
Acan,M,2.941431812,0.015
Ada,M,5.74770216,0.00021
Adamtsl5,M,-4.411024887,0.001
Adgrd1,M,3.835215766,0.005
Agt,M,2.839411741,0.028
Ak8,M,3.289252146,0.009
Alad,M,2.532427432,0.034
Aldh3b2,M,2.920940464,0.021
Aldh8a1,M,-2.674708729,0.025
Als2cl,M,2.35271925,0.041
Angel1,M,3.553325451,0.008
Angptl4,M,2.624267668,0.037
Ankrd33b,M,-3.466229422,0.01
Apod,M,2.431411763,0.037
Apol7e,M,2.33555839,0.043
Arhgap39,M,2.51777917,0.047
Arhgef5,M,-3.693989739,0.004
Arl11,M,-2.528031442,0.034
Asic2,M,2.592796925,0.042
B3gnt9,M,2.723890977,0.023
Bola1,M,3.662959559,0.004
Bpifb1,M,-2.48665925,0.039
Btc,M,-3.768890494,0.005
Btk,M,-4.26025061,0.002
Btnl4,M,2.747062561,0.021
Btnl9,M,3.477188837,0.014
C8g,M,3.427721412,0.006
Camk2g,M,2.306411036,0.046
Car15,M,-2.557172157,0.035
Carlr,M,-3.463271641,0.006
Casz1,M,2.292387501,0.045
Cbs,M,2.644959195,0.026
Ccl17,M,-2.341664237,0.045
Ccm2l,M,3.420838123,0.009
Ccnd2,M,-2.464769639,0.034
Cd27,M,2.430827139,0.037
Cdc42ep2,M,-2.328095838,0.042
Cdc42se1,M,-3.108593936,0.012
Cdca3,M,-2.339051441,0.047
Cdh23,M,2.789476152,0.03
Cebpd,M,4.734550119,0.000833
Cep164,M,2.557926087,0.032
Cfap126,M,2.374190934,0.039
Cfap210,M,2.88580464,0.016
Cfap46,M,3.890473714,0.005
Chd7,M,2.651764861,0.035
Chst12,M,2.476651791,0.048
Chst7,M,2.83095961,0.018
Clcn6,M,4.261977651,0.002
Col26a1,M,2.565202056,0.036
Col6a6,M,3.182267719,0.011
Col8a2,M,4.330787683,0.002
Copz2,M,-2.322282847,0.045
Cpa4,M,2.621043794,0.028
Cradd,M,2.32864014,0.042
Crh,M,2.341703124,0.041
Cspg4b,M,2.381331874,0.039
Csrp2,M,2.299921528,0.046
Cstad,M,2.645826137,0.031
Cstb,M,2.322936553,0.046
Ctsh,M,-2.518181224,0.032
Ctxn3,M,-2.564285525,0.034
Cyp4f13,M,2.644075961,0.035
D130040H23Rik,M,-4.1260736,0.004
Ddit4,M,2.891195137,0.022
Ddx4,M,2.274962083,0.046
Ddx42,M,-2.569446035,0.036
Depp1,M,2.412952242,0.037
Dlg5,M,3.217205796,0.009
Dlk1,M,2.773017814,0.02
Dmrta2,M,4.475215717,0.003
Dmtf1l,M,-2.83128253,0.02
Dnaja4,M,-2.565104744,0.039
Dnajb12,M,2.453199182,0.035
Dsc2,M,-2.290304505,0.045
Dtl,M,-2.446136637,0.034
Dtnb,M,2.716737526,0.022
Dtx3l,M,-2.344615876,0.041
Dtymk,M,-3.166391776,0.022
Dusp15,M,2.899025728,0.016
Dync1h1,M,3.16246555,0.014
Efhd1,M,3.470850352,0.006
Egfl6,M,-3.279222786,0.01
Eif3f,M,2.586460429,0.047
Eif4b,M,2.737348421,0.021
Eloa,M,-2.505859501,0.045
Eno2,M,2.800353079,0.02
Epsti1,M,3.045988226,0.014
Epx,M,-2.669736928,0.028
Ets1,M,-2.333122563,0.047
F2rl1,M,-2.510020684,0.031
Fam241a,M,-2.388740129,0.048
Fam53c,M,-3.033671481,0.013
Fanca,M,-2.403221669,0.039
Fat1,M,2.444000088,0.035
Fat4,M,2.752122149,0.022
Fbxo32,M,-2.25749034,0.048
Fdps,M,-2.687795222,0.032
Fdxacb1,M,-2.503213603,0.043
Fen1,M,-2.911617966,0.016
Fgd1,M,2.91251022,0.017
Fkbp11,M,-2.510791134,0.033
Flcn,M,2.568727373,0.029
Flnb,M,2.742233038,0.026
Frg2f1,M,2.319139743,0.043
G6pdx,M,2.376388349,0.042
Gba,M,-2.410542176,0.038
Gdf9,M,-3.303895185,0.008
Gimap5,M,2.447167126,0.042
Gipc2,M,-3.004698589,0.015
Gls2,M,2.716241762,0.024
Gm11400,M,2.595714632,0.04
Gm12106,M,-2.948133974,0.022
Gm13416,M,-2.556634332,0.039
Gm14740,M,-3.006647848,0.013
Gm16044,M,-2.437033882,0.035
Gm17906,M,-2.393621726,0.038
Gm17907,M,-2.516888307,0.031
Gm17922,M,-2.423714674,0.047
Gm2004,M,-2.529280838,0.03
Gm20517,M,-3.44573688,0.007
Gm32742,M,2.438061437,0.042
Gm4459,M,2.28786868,0.047
Gm4491,M,-2.613298194,0.026
Gm45038,M,-2.620726722,0.026
Gm45713,M,-3.031103512,0.029
Gm4767,M,-3.018576156,0.015
Gm47924,M,3.805918294,0.006
Gm47932,M,-2.94272158,0.019
Gm48976,M,3.267036524,0.009
Gm49273,M,-2.565133857,0.028
Gm49328,M,-2.448349591,0.034
Gm5380,M,2.59374962,0.032
Gm6092,M,-2.333544047,0.042
Golgb1,M,2.631471577,0.025
Gpat3,M,-3.875230176,0.008
Gpd1,M,2.37970467,0.04
Gpnmb,M,-2.540534741,0.031
Gpr179,M,3.884901377,0.003
Gpr27,M,4.246674849,0.004
Grhpr,M,2.987818489,0.015
Gys1,M,3.101762501,0.021
Gzmk,M,-2.535653038,0.033
H1f4,M,-2.875310875,0.02
H2-DMb1,M,-2.5641116,0.028
H2-T10,M,-2.376555826,0.039
H2bc6,M,-2.622862401,0.028
H3c14,M,-3.159328038,0.012
Hcar1,M,-4.865280157,0.000947
Hectd3,M,2.394852361,0.038
Hectd4,M,2.704962991,0.024
Hepacam,M,2.606595303,0.04
Hipk2,M,2.836984846,0.018
Hmbox1,M,2.548120591,0.031
Hsd3b2,M,-2.320026158,0.043
Hsh2d,M,-2.524445547,0.034
Hsph1,M,-2.52595577,0.04
Htt,M,2.481956778,0.033
Hyls1,M,-4.701960295,0.000953
Id3,M,-3.791764893,0.005
Ifi208,M,2.724136788,0.024
Ift43,M,3.289414722,0.01
Il2ra,M,-3.004254335,0.013
Inava,M,4.111451289,0.002
Inka2,M,-3.007412536,0.013
Ism1,M,2.589861324,0.035
Itga2,M,-2.408499429,0.041
Itga8,M,-3.088822341,0.014
Itgb6,M,-2.436834011,0.039
Itpr2,M,2.634539324,0.028
Jhy,M,2.394279607,0.039
Kank3,M,2.394598588,0.045
Kank4,M,2.608594785,0.035
Kcnq1,M,3.841165059,0.003
Kctd20,M,-2.376147664,0.042
Kif23,M,-2.411036751,0.044
Kif4,M,-2.259642829,0.048
Klhdc7a,M,2.355526976,0.041
Klhl35,M,3.644210839,0.006
Krba1,M,2.719225763,0.027
Krt26,M,2.856902943,0.018
Las1l,M,2.703281249,0.03
Lax1,M,2.892324263,0.017
Lbhd1,M,-2.235650517,0.049
Lig1,M,2.495255256,0.045
Lmbr1l,M,-2.426459991,0.038
Lmx1b,M,2.469232218,0.034
Lrrc43,M,2.401495461,0.038
Ltc4s,M,2.575415035,0.034
Mafb,M,-2.72167187,0.028
Magee1,M,2.551776538,0.029
Mall,M,3.844251514,0.003
Map3k4,M,2.400322558,0.043
Mapre3,M,2.819781244,0.019
Matn1,M,2.834629131,0.018
Mbtps1,M,2.53681383,0.031
Mdfi,M,2.308075856,0.046
Mknk1,M,3.26149393,0.01
Mnd1,M,-2.345409898,0.042
Mndal,M,-2.61140006,0.035
Mpzl2,M,-2.66259419,0.024
Mrpl9,M,2.496064018,0.033
Mrps28,M,2.392652112,0.046
Mrps31,M,-2.891898444,0.017
Msrb1,M,2.744699455,0.021
Mta1,M,2.456626741,0.042
Mylip,M,-2.344716593,0.041
Myo3b,M,2.333801065,0.042
Nav1,M,2.853289375,0.017
Neurod2,M,2.579933628,0.028
Neurog2,M,3.269907685,0.012
Nfix,M,2.913878535,0.017
Nfkbia,M,2.474036329,0.034
Nipal4,M,-4.030992202,0.003
Nlrp3,M,2.593637566,0.031
Nod1,M,3.997675768,0.003
Nrl,M,-2.785389339,0.019
Nsun5,M,-2.414118163,0.037
Ntng2,M,2.757136172,0.028
Nup85,M,-5.124292793,0.000568
Nxph2,M,-2.70019575,0.026
Oas1c,M,2.866240013,0.027
Or10ag59,M,2.328700996,0.042
Or12e8,M,-2.548419136,0.047
Or4c115,M,-2.87677558,0.023
Or4f59,M,-4.078768697,0.005
Or52w1,M,2.316335037,0.043
Or5bb12,M,-2.635112659,0.025
Or5d43,M,-2.920001589,0.016
Or5p78,M,2.30054298,0.044
Osbpl5,M,3.9824464,0.004
Osgin1,M,2.752195995,0.036
Otp,M,2.58299786,0.035
Pabir1,M,2.539911921,0.03
Pced1b,M,2.558890524,0.031
Pex11g,M,-2.434300359,0.04
Pex26,M,2.464291567,0.045
Piezo2,M,2.264809777,0.048
Pik3cd,M,-2.261969628,0.048
Pla2g3,M,2.494442606,0.036
Plau,M,-2.582624712,0.029
Podnl1,M,2.842625456,0.025
Pola2,M,2.57351812,0.03
Polr2h,M,2.405349693,0.037
Pon3,M,-2.680265112,0.025
Ppargc1b,M,2.293233914,0.046
Prdm12,M,2.504557129,0.034
Prima1,M,2.98428295,0.015
Prpf38a,M,-2.705241735,0.034
Prr15l,M,2.332528499,0.047
Ptgfr,M,-4.158029927,0.003
Ptprt,M,2.660003492,0.024
Qprt,M,3.339759728,0.015
Rab11fip1,M,-2.271682355,0.047
Rab32,M,-2.462289964,0.034
Ranbp3l,M,-2.548192662,0.029
Reln,M,2.342500246,0.046
Rgma,M,2.362870501,0.049
Rhbdl3,M,3.068145723,0.016
Rhob,M,2.562310192,0.032
Rhobtb1,M,-2.375943196,0.044
Rilp,M,2.547434659,0.031
Rnf103,M,2.702314243,0.025
Rrp8,M,2.791415098,0.023
Rsad2,M,-2.607981025,0.026
Rsph3a,M,2.704976567,0.026
Rspo3,M,-2.635429342,0.034
S100a4,M,2.710060612,0.024
S1pr4,M,2.482498002,0.036
Serpind1,M,-2.645547815,0.029
Sgcz,M,-2.919359539,0.015
Sh3rf3,M,-2.361904746,0.044
Shb,M,3.426549686,0.008
She,M,-3.359174647,0.015
Shpk,M,-2.541182254,0.031
Slc16a12,M,-2.4019901,0.048
Slc1a6,M,3.730516511,0.005
Slc22a3,M,-3.428177253,0.009
Slc22a6,M,-3.831106391,0.004
Slc23a4,M,2.561857304,0.037
Slc35a2,M,2.591586687,0.028
Slc35f4,M,2.625946449,0.031
Slc39a2,M,-2.598877964,0.03
Slc4a8,M,2.288262606,0.047
Slc9a8,M,3.037902566,0.015
Slfn3,M,-2.49025889,0.046
Slu7,M,-2.823200574,0.021
Smox,M,2.9874495,0.02
Smpd1,M,3.080910511,0.013
Snap29,M,-2.319957648,0.046
Snapc2,M,2.651396522,0.024
Snrpd1,M,-3.747610399,0.005
Soga1,M,2.366723592,0.04
Spaar,M,3.319231731,0.009
Spry4,M,-3.323993248,0.008
Sqor,M,-2.330899815,0.048
Srfbp1,M,-2.289635214,0.045
Srxn1,M,2.780143317,0.024
Stard8,M,-2.49940198,0.034
Stn1,M,2.354230855,0.04
Strada,M,2.694841647,0.025
Syt15,M,2.841005138,0.019
Tac2,M,2.290375845,0.048
Taf12,M,-3.018552781,0.016
Tafa5,M,2.730322201,0.035
Tbc1d22b,M,2.743089878,0.021
Tbx18,M,-2.503870602,0.041
Tcf7l1,M,2.575489926,0.041
Tdrd12,M,-2.283700189,0.048
Tek,M,-3.087738438,0.015
Tenm3,M,2.65996554,0.028
Tent5c,M,-2.392564932,0.04
Thsd4,M,-2.802060839,0.025
Timm50,M,2.967617825,0.014
Tmem100,M,-2.344538752,0.048
Tmem204,M,2.377485295,0.039
Tmem239,M,3.125067821,0.012
Tmprss7,M,2.867177641,0.019
Top1mt,M,2.28246665,0.047
Tprn,M,2.884189112,0.018
Trac,M,-2.618448319,0.029
Trrap,M,2.614563763,0.027
Tubgcp2,M,2.512035216,0.032
Txk,M,3.130415499,0.011
Ube2ql1,M,3.033202279,0.015
Ube2t,M,-3.541532918,0.015
Ubr4,M,2.816887424,0.022
Ubtd2,M,2.504743791,0.04
Ubxn11,M,2.558590878,0.038
Ulk4,M,2.474937805,0.043
Uox,M,-2.59021788,0.031
Ust,M,-3.339296855,0.014
Vmn1r188,M,3.02769755,0.013
Vmn1r197,M,-2.484919151,0.038
Vmn1r90,M,-2.802622289,0.019
Vmn2r22,M,2.727892306,0.026
Vmn2r28,M,3.200343322,0.015
Vmn2r88,M,-2.247924679,0.049
Vwce,M,2.493126503,0.032
Wnk2,M,2.738481457,0.021
Wwp2,M,8.095695439,1.76E-05
Xlr4b,M,-2.540663688,0.032
Ybey,M,-2.518712685,0.037
Ythdc1,M,-2.46090437,0.048
Zan,M,3.399728723,0.007
Zar1,M,2.484766752,0.032
Zcwpw1,M,-2.250875631,0.048
Zfp111,M,-2.323405862,0.049
Zfp324,M,-2.554879301,0.03
Zfp345,M,-2.44037095,0.035
Zfp36,M,2.793108361,0.03
Zfp418,M,-2.488275284,0.049
Zfp712,M,-2.970423389,0.016
Zfp750,M,-4.769518044,0.002
Zfp94,M,-2.810515636,0.019
Zfp953,M,-2.452319214,0.047
Zfp959,M,-2.690708253,0.024
Zfp992,M,-3.023168013,0.016
